-- phpMyAdmin SQL Dump
-- version 4.7.1
-- https://www.phpmyadmin.net/
--
-- Host: sql6.freemysqlhosting.net
-- Generation Time: Dec 23, 2021 at 02:15 PM
-- Server version: 5.5.62-0ubuntu0.14.04.1
-- PHP Version: 7.0.33-0ubuntu0.16.04.16

SET SQL_MODE = "NO_AUTO_VALUE_ON_ZERO";
SET AUTOCOMMIT = 0;
START TRANSACTION;
SET time_zone = "+00:00";


/*!40101 SET @OLD_CHARACTER_SET_CLIENT=@@CHARACTER_SET_CLIENT */;
/*!40101 SET @OLD_CHARACTER_SET_RESULTS=@@CHARACTER_SET_RESULTS */;
/*!40101 SET @OLD_COLLATION_CONNECTION=@@COLLATION_CONNECTION */;
/*!40101 SET NAMES utf8mb4 */;

--
-- Database: `sql6459930`
--
CREATE DATABASE IF NOT EXISTS `sql6459930` DEFAULT CHARACTER SET latin1 COLLATE latin1_swedish_ci;
USE `sql6459930`;

-- --------------------------------------------------------

--
-- Table structure for table `admin`
--

CREATE TABLE `admin` (
  `id` int(11) NOT NULL,
  `email_address` longtext NOT NULL,
  `password` longtext NOT NULL
) ENGINE=InnoDB DEFAULT CHARSET=utf8mb4;

--
-- Dumping data for table `admin`
--

INSERT INTO `admin` (`id`, `email_address`, `password`) VALUES
(2, 'jhon@gmail.com', '1122');

-- --------------------------------------------------------

--
-- Table structure for table `feedback`
--

CREATE TABLE `feedback` (
  `id` int(11) NOT NULL,
  `user_id` int(11) NOT NULL,
  `last_activity_at` varchar(30) NOT NULL,
  `status` varchar(30) NOT NULL,
  `rating` int(11) NOT NULL,
  `comment` varchar(5000) DEFAULT NULL,
  `order_id` int(11) NOT NULL
) ENGINE=InnoDB DEFAULT CHARSET=latin1;

--
-- Dumping data for table `feedback`
--

INSERT INTO `feedback` (`id`, `user_id`, `last_activity_at`, `status`, `rating`, `comment`, `order_id`) VALUES
(1, 7, 'Tue Dec 21 08:13:40 GMT+05:00 ', 'completed', 5, 'excellent customer service', 35),
(2, 7, '2021-12-21 07:55:48', 'pending', 0, '', 34),
(3, 7, '2021-11-11 17:24:48', 'pending', 0, '', 32);

-- --------------------------------------------------------

--
-- Table structure for table `order_items`
--

CREATE TABLE `order_items` (
  `id` int(11) NOT NULL,
  `product_id` int(11) NOT NULL,
  `order_id` int(11) NOT NULL,
  `quantity` int(11) NOT NULL,
  `price` longtext NOT NULL,
  `added_at` varchar(30) DEFAULT NULL
) ENGINE=InnoDB DEFAULT CHARSET=utf8mb4;

--
-- Dumping data for table `order_items`
--

INSERT INTO `order_items` (`id`, `product_id`, `order_id`, `quantity`, `price`, `added_at`) VALUES
(18, 1, 31, 1, '500', 'Mon Dec 20 11:36:50 GMT+05:00 '),
(19, 2, 31, 1, '50', 'Mon Dec 20 11:36:50 GMT+05:00 '),
(20, 2, 31, 1, '50', 'Mon Dec 20 11:36:50 GMT+05:00 '),
(21, 2, 32, 1, '50', 'Mon Dec 20 12:07:33 GMT+05:00 '),
(22, 1, 33, 1, '500', 'Mon Dec 20 17:48:22 GMT+05:00 '),
(23, 1, 33, 1, '500', 'Mon Dec 20 17:48:22 GMT+05:00 '),
(24, 1, 34, 2, '500', 'Mon Dec 20 19:02:44 GMT+05:00 '),
(25, 4, 34, 2, '1000', 'Mon Dec 20 19:02:44 GMT+05:00 '),
(26, 1, 35, 1, '500', 'Tue Dec 21 07:24:59 GMT+05:00 '),
(27, 1, 36, 3, '500', 'Tue Dec 21 16:02:55 GMT+05:00 '),
(28, 2, 37, 1, '50', 'Thu Dec 23 12:09:11 GMT+05:00 '),
(29, 1, 37, 1, '500', 'Thu Dec 23 12:09:11 GMT+05:00 '),
(30, 1, 37, 1, '500', 'Thu Dec 23 12:09:11 GMT+05:00 '),
(31, 1, 38, 1, '500', 'Thu Dec 23 12:10:15 GMT+05:00 '),
(32, 1, 39, 1, '500', 'Thu Dec 23 12:48:53 GMT+05:00 '),
(33, 1, 40, 1, '500', 'Thu Dec 23 14:40:40 GMT+05:00 ');

-- --------------------------------------------------------

--
-- Table structure for table `orders`
--

CREATE TABLE `orders` (
  `id` int(11) NOT NULL,
  `user_id` int(11) NOT NULL,
  `price` longtext NOT NULL,
  `status` longtext NOT NULL,
  `last_updated_at` varchar(30) DEFAULT NULL
) ENGINE=InnoDB DEFAULT CHARSET=utf8mb4;

--
-- Dumping data for table `orders`
--

INSERT INTO `orders` (`id`, `user_id`, `price`, `status`, `last_updated_at`) VALUES
(31, 7, '600', 'Completed', '2021-11-11 17:24:48'),
(32, 7, '50', 'Completed', '2021-11-11 17:24:48'),
(33, 7, '1000', 'In Progress', 'Mon Dec 20 17:48:22 GMT+05:00 '),
(34, 7, '3000', 'Completed', '2021-12-21 07:55:48'),
(35, 7, '500', 'Completed', '2021-12-21 07:38:48'),
(36, 0, '1500', 'In Progress', 'Tue Dec 21 16:02:55 GMT+05:00 '),
(37, 0, '1050', 'In Progress', 'Thu Dec 23 12:09:11 GMT+05:00 '),
(38, 0, '500', 'In Progress', 'Thu Dec 23 12:10:15 GMT+05:00 '),
(39, 0, '500', 'In Progress', 'Thu Dec 23 12:48:53 GMT+05:00 '),
(40, 7, '500', 'In Progress', 'Thu Dec 23 14:40:40 GMT+05:00 ');

-- --------------------------------------------------------

--
-- Table structure for table `products`
--

CREATE TABLE `products` (
  `id` int(11) NOT NULL,
  `title` longtext NOT NULL,
  `description` longtext NOT NULL,
  `image_url` longtext NOT NULL,
  `price` longtext NOT NULL,
  `category` longtext NOT NULL,
  `last_updated_at` varchar(30) DEFAULT NULL
) ENGINE=InnoDB DEFAULT CHARSET=utf8mb4;

--
-- Dumping data for table `products`
--

INSERT INTO `products` (`id`, `title`, `description`, `image_url`, `price`, `category`, `last_updated_at`) VALUES
(1, 'product 4', 'product 4', 'https://cdn.pixabay.com/photo/2018/01/14/23/12/nature-3082832__480.jpg', '500', 'Beverages ', NULL);
INSERT INTO `products` (`id`, `title`, `description`, `image_url`, `price`, `category`, `last_updated_at`) VALUES
(2, 'product 10', 'product 10', 'data:image/jpeg;base64,/9j/4AAQSkZJRgABAQAAAQABAAD/2wCEAAYGBgYHBgcICAcKCwoLCg8ODAwODxYQERAREBYiFRkVFRkVIh4kHhweJB42KiYmKjY+NDI0PkxERExfWl98fKcBBgYGBgcGBwgIBwoLCgsKDw4MDA4PFhAREBEQFiIVGRUVGRUiHiQeHB4kHjYqJiYqNj40MjQ+TERETF9aX3x8p//CABEIBFYCHAMBIgACEQEDEQH/xAAyAAEAAwEBAQEAAAAAAAAAAAAAAQIDBAUGBwEBAQEBAQEAAAAAAAAAAAAAAAECAwQF/9oADAMBAAIQAxAAAALsHwPqgG07zg3xiG9aybY5pu1nBtlnUOjo6489bTnvF1V1nnHPYAAAAAAAAAAAAkh1OuOVMctk3szX0swbxWLbHNOjLUoMaAAA1hHTGuF6nVTnnU0xvTnrp34rdue3JenLfpOGnfnGuVvN21vjHXFBx6AAAAAAAAAAAAAaXwtvJW2btStd5m1IzrejPWejKIid65+jlQeT0AAAAAAAAAAAAAAAAAAAAAAAAAAAAAAAAAAAAAAAAAAAAAAAAAAAAAAAAAAAAAAAAAAAAAACxa3o8nq4cbp5vP1DOgB06zzOuN55end1x570K41wuuudcz0PPg766zxPQyOR35ryPQrZw69VDlr16x57TPj0BQAAAAAAAAAAAAAAAO3mzt0xUc9gALV0s9Tkjl9fD1M+Osa25teW+7HPn649TyNcuW++vLSvSceW89HRyZY16Lj6O3OuvHTlv0Hna6kZHm7BKAAAAAAAAAAAAAAAAAAAAAAAAAAAAAAAAAAAAAAAAAAAAAAAAey9/k8Z7I8Z7I8Z7I8Z7I8Z7I8Z7I8Z7I8Z7I8Z7I8Z7I8Z7I8Z7I8Z7I8Z7I8Z7I8Z7I8Z7I8Z7I8Z7I8Z7I8Z7I8Z7I8Z7I8Z7I8Z7I8Z7I8Z7I8Z7I8Z7I8Z7I8Z7I8Z7I8Z7IuPoeUAAAAAAAAAAAZmgAABkagAAAAAAAAAAAAAAAAAAAAAAAAAAAc/R55pTq8431njNtc8TdnodfB6PnmmmA3wi4tnBe3Hua59HGd+nP0AAAAAAAAAAAAAAAAAAAAAADPQUXEU0HmejYZ3kKXFYuKzI43YKWkRTQAAAAAAAAAAAAAAAAAAAAAAAAAAAAAAAAAAAAAAAAAAAAAAAAAPE9vwj5NkNWQ1ZDVjJtOMm8ZSXnODacRsyG/qeN6XL3b50z5+rCuc+j4/ob8W/D623mdvDrjnpSOvh9hg8/2I87r4OvztZwnp5tJyk0nOprGI1YjVkNWQ1ZDTq4Oo/RQAAAAAAPC93wj42UgCJESkhITAtCxWwEgIm1LWoiGbEy1mJtmswyiYliLVqEykJlaxepESIJITABAHVz9R+hAAAAAAAeF7vhHx0wJIABIWgi0C01uJSRFoExJEpIi4pKSibEVuM1hWJkrMwRIVi0FUiJixETAAJK9fP0n6EAAAAAAB4Xu+EfHSAABMEgma2JSLRMFkXKWmxna0EJgtQJiRWayQSVTBCakLQVTBEpIIETJWZkrZUnp5ek/QwAARC5AAAHhe74Z8dEwTMSEyVTALEWSJiS0LlLJJTeIhJUuZxpFZzaTON84zm9BErIi1VgkqmCpBaqSJmpIIgJ6efpP0IAAFb0uQAAB4Xu+EfHQkiQtNRaJqWtSxdWSLRJaYBME6U0Ib90vk397bGvm7fS2zfmX0uZ87n9LivgZ+3zbx58aZ6yppWs1xSL1KpFJmC1YFosKpgdPL0n6GAACt6XIAAA8L3fCPjZgTNZJmthKAQTMSXmovNbRes9JT2/R6cazprz8usZsOfW8cuU3305qR12w2Oiaba54+X7lunP46v0Hgd+VYtGs0i1SsWgithVaAQQB083SfogAAK3pcgAADwfe8I+NSExISAIWkiyxWZkTKNvs/A+nzc62y59KY1y59qZ60zvkr1UzuM72kveN020w23z1tTTfOPm/oPL1n59Fu/KM9K1AK10qViYIAA6OfpP0MAAFb0uQAAB4fueLHxzZNZTrMZNrGDoS4TvJhbcc9uiTmnu9PjMfTy5/Ne2nkdXTtvXk6G6bubOKR5mnTl3X8zGPb6Pn9XT2uTfnmte/yu7M5O/KeePF5/oPI92OWvXXbldI5Y6xxuuDljriuWOqDm6G6fcjeQAK3pcgAADyfW8rN+btW3LteL6xnGlSLVsqZkiLSZU6UaS6PPzz8vsxTPm9Tz+059Nbazl1Zxm8nRj1avLrZfRz2r6c5ZddZ4952y1m5jp5c8ejyvc8/tOSdJ6Mq7jnp1DkjoqZLQUjaEx2rrX1w78AAK3pcgAADyfW87N+Wv1W4ejndUy4abDJ0Sc89EmE7ymNtIHRl24zx59PLnrlwb56mVurvmfDr6vLd4dkXzvzfT5stKt+ay2+O9uvTwb4vbwetWYtybc+8Vrq0xrvBjXeDCu8GNdoMG9DPWmtn1I9PmAArelyAAAPP9Dzc68ZhPn9G8ZyXvlQ6nCPQvyaG85QdDC6ad3n7JfDrx5b4+rNd24b9Jpw+jlmcOnPnd9uWnUnia74adlYrnTt4vSOvHXTXn5Mrc/RsxiXeMBtXGDWM6mkUE1gRthrZ9QPT5gAK3pcgAADzPT8zN+fmJ4eiZCYmZZrpYzjSDP1vKw3j6/OvN149V/NtZ3V5svP2347ufbm4vX4ZunN00XLTfAz7+DezXi11lrn6nGkehzesxrXGvXl3+R69u/H5WPd8jj3yIzqYWITBGd6FYiLGuGtz9kPRwAArelyAAAPN9Lys3w4xnh6NrYSdMc9zScZXSaQlopZL+t4+e8/T4cfd05cFOvhmozxr5vXrSMJrfTknV6Z47Zd1uCc3utwK9SPMvJ6VuAz3Z+Z2ejh6nXzdXfz9FK7R5XB9JGN/KZ+94vPpFuW0u8ZSKXstNcbWfZj0ecACt6XIAAA8v1PLzfnkOPeb1mXWsCZCayKrQZNKmffyRvH0OPL6PXlx8nes8bD28868KPWia8l6CXht2QvG3zM2+1zjr16XOXTve5jp8Lgl+i8bivncyZ1SNi0aM2YzHRFJinTz7WfZD0cAAK3pcgAADyfW8rN+Wta3LvSdrxjbSZcmlSq1zOdRlG1YyptnZHpefG8/QYV8Trx9nLyeur3tibVv2xxOrQ8yd+Jejs8esezw+Veb0595zcL7znWVtZlovaXOdIM41gwtaLIaWjDWb2fYD0cAAK3pcgAADyfW8fN+ethbl32vz2jaMkasbrecxrOcl0QKKpaCo9Xyms9Pap05d7xeNfqOT5vSWcdZzrKdJWi6WLzaK2uli1RdVCalm9YNKxBMVpWispXfLU+yHo84AClwAAA8j1/GzfmrYzy66M5XWcLJdWyzakLsymNGYupBrGY0isompZrYBREExBLTQWmtTVSF0UsWVQiaF4qqygvRCWZDTo5t7PuB24gAAAAAPG9ngj4p7jHTw59seG92DxZ9keNPsWl8d7A8d7EnjPag8O/sjxZ9mTxXtjw7euPIr7OZ48eys8Z7Unh29oeI9uDw59weLPsjxq+0PHeyPFp70HgveJ4Ue8PBn3S+H0enufRDpzAAAAAAAAAAAAAAAAAAAAAAAAAAAAAAAAAAAAAAAAAM7kgGJsYmwAAAAAAAAABQuAxuXAY7AAAAoXVsAAAAAAObpoct7wcPqY9B5uvRBxbayc2fbBjh2wZZ9dji6Z2Oamlzk06By17czbzfU5SmXfQYdlTzd97HK0kydUHO6LHndGtzGN5MJ1sctO2pxx1ycezcyppc58e0Z8/fQ5rdUnLTouUx7KnDbsgp00uADmOmvFQ7Lc+h0V5MD1HHgem4rnU86x3uYbV5h3PM0O9y5He8+52vPoenXkzPRebY9BnxnoOGx2OCh6TjudLi0Ol5XpC/Bges4sD1Hn3Ou3LU7HPmdjzNzsy5KHp15ec9RxQd1McjucOx0AAVsOa+wytccFuuxjM6GWfSMadIwnaDK0anPbYZxOhjn1DDDssc9thzugUy2sYNxzX2GdY3Od0Dm6Qxz6hhTqGU6YF6NzKNqmbYc9thln0jPj9AYToMdZFgAObp5CrW5zRroc1toMMe2pvx93GTl0wEbnFpfQ8/0sOk8+NtDHPsyKdVNDjp0ycu+knJtrBhG9jj9Hl6jhdWJl202PO1jU5elBTTSTjt0Sck9ORm6YMOmkmWdukxjXMx78eg82ddDmt0VMW2Z2gUvznQ4ug1ceR6Lz9DscGJ6bjHc8roOnTi7QAAAAAAAAAAAAAAAAAAAAAAAAABjsMLajLPpHJn3wY06hg3HLboHP0AAAAAAAAAAAAAAAAAAAAAAAAAAAAAAAAAAAAAAAAAAAAAAAAAAAAAAAAAAAAAAAAAAAAAAAAAAAAAAAAAAAAAAAAAAAAAAAAAAAAAAAAAAAAAAAAAAAAAAAAAAAAAAAAAAAAAAAAAAAAAAAAAAAAAAAAAAAAAAAAAAAAAAAAAAAAAAAAAAAAAAAAAAAAAAAAAAAAAAAAAAAAAAAAAAAAAAAAAAAAAAAAAAAAAAAAAAAAAAAAAAAAAAAAAAAAAAAAAAAAAAAAAAAAAAAAAAAAAAAAAAAAAAAAAAAAAAAAAAAAAAAAAAAAAAAAAAAAAAAAAAAAAAAAAAAAAAAAAAAAAAAAAAAAAAAAAAAAAAAAAAAAAAAAAAAAAAAAAAAAAAAAAAAAAAAAAAAAAAAAAAAAAAAAAAAAAAAAAAAAAAAAAAAAAAAAAAAAAAAAAAAAAAAAAAAAAAAAAAAAAAAAAAAAAAAAAAAAAAAAAAAAAAAAAAAAAAAAAAAAAAAAAAAAAAAAAAAAAAAAAAAAAAAAAAAAAAAAAAAAAAAAAAAAAAAAAAAAAAAAAAAAAAAAAAAAAAAAAAAAAAAAAAAAAAAAAAAAAAAAAAAAAAAAAAAAAAAAAAAAAAAAAAAAAAAAAAAAAAAAAAAAAAAAAAAAAAAAAAAAAAAAAAAAAAAAAAAAAAAAAAAAAAAAAAAAAAAAAAAAAAAAAAAAAAAAAAAAAAAAAAAAAAAAAAAAAAAAAAAAAAAAAAAAAAAAAAAAAAAAAAAAAAAAAAAAAAAAAAAAAAAAAAAAAAAAAAAAAAAAAAAAAAAAAAAAAAAAAAAAAAAAAAAAAAAAAAAAAAAAAAAAAAAAAAAAAAAAAAAAAAAAAAAAAAAAAAAAAAAAAAAAAAAAAAAAAAAAAAAAAAAAAAAAAABUAAAAAAAAAAAAAAAAAAAAAAAAAAAAAAAAAAAAAAACJ5jojlodtvN9IAAAAAAAjlx6CvVz856IAAAAAAAFeap2gAAAAAAAAAAAAc3TiY06KHP6XJ1gAAAAAAHm+lz8h6fmx1nQAAAAAAADyPUtxnaAAAAAAAAAAAAAAAAAAAAAAAAAAAAAAAAAAAAAAAAAAAAAAAAAAAAAAAAAAAAAAAAAAAAAAAAAAD//EAAL/2gAMAwEAAgADAAAAIQAADRCjwgBCgAAAAAAAAAAAABACjizijAAAACcSIft6kiAAAAAAAAAAAAAAFPtmHZ9QAAAAAAAAAAAAAAAAAAAAAAAAAAAAAAAAAAAAAAAAAAAAAAAAAAAAAAAAAAAAAAAAAAAAAAAtiQAATTRDCQxzASiwwAAAAAAAAAAAAAAAAEgAAA2Ao0j9iEimjiQAAAAAAAAAAAAAAAAAAAAAAAAAAAAAAAAAAAAAAAAAAAAAAAADzzzzzzzzzzzzzzzzzzzzzzzzzzzzzzzzz/PPPPPPPPPPPPPPPOPPPPPPPPPPPPPPPPPPPPPPPPPPPPLOLIFCIDJBBFPPPPPPPPPPPPPPPPPPPPPPLHLPLPDLPDLHPPPPPPPPPPPPPPPPPPPPPPPPPPPPPPPPPPPPPPPPPPPPPPPPKAAHCOFNJPPOtelOcYnJADLLHALPPPPPPPKMAGCLHEINPqHdSHXwXUAGKJALMPPPPPPPLLBOAFNCNGMHAGDAOOJLPOCFBCJPPPPPPPKJCDBDOMMEILGFJHKKBKPMBOEPKPPPJPPPOGBHPGJEONIritLAojXCANHKNGAPPPFPPPOENFMCCCKPPFFNz/nzkMPAJHBGIPPPFPPPKBDOJFNMGkmcxDR94xlKLMMEBPPPPPFPPPOMGDDMEAGgKjN8ndoOWO3DEDLHGPPPFPPPL1Iw3h663khqEPsUjnArx65+nPD/ADzxTzzypynlgU0Pp+GTMAUNJkURnEFAyGrzzxTzzyvUZYYJkVsODZTs7PWtXRlEli6YrzzxTzzzgowjbLBS4ddorOdk0B10Fl3WmxjzzxTzzy2kVJC4z6LUAFA0U6n8D1xHklKgvzzxTzzy8LwGTH9jKXeeSt4Dr8BLKjIk1Q7zzxTzzy826ZW2uLFUA4c2Bz3jRXAYA56fPzzxTzzyuxVqK7dsNnnSpbn4+AVYJqeY3tfzzxTzzz/w2tKYQUc8KVTEFxiffu/6YySP7zzzzzzy6PIvnSpAwZuY7AAGHEwDjaDS0pHzzzzzzy1Lb835BSSynnHb302jX03EXNO4rzzzzzzzzzzzzzzzzzzzzzzzzzzzzzzzzzzzzzzzTzjDjTTTjjDjDjTzzDDjzzDjjDDjDzjzyxSyhTjyDwiRzTjwChzBgxBzjjiSQTDxjzzygCTzTzCDDDDCDzzzjTDzjTRzjCyTTTzzzzwyjQyxiSxSzyyyRwwyzxxyxzyyzwxRjzyzQSAQwSxwxwTxDQCBzxDTiiTjxzgCzjgzzjDDzzDjzzzzzzzzzzzzxzzzzzzxzzzzwzzwwwCwwxzzzzzzzzzzzzzzzzzzzzzzzzzzzzzzzzzzzzzzzzzzzzzzzzzzzzzzzzzzzzzzzzzzzzzzzzzzzzzzzzzzzzzzzzzzzzzzzzzzzzzzzzzzzzzzzzzzzzzzzzzzzzzzzzzzzzzzzzzzzzzzzzzzzzzzzzzzzzzzzzzzzzzzzzzzzzzzzzzzzzzzzzzzzzzzzzzzzzzzzzzzzzzzzzzzzzzzzzzzzzzzzzzzzzzzzzzzzzzzzzzzzzzzzzzzzzzzzzzzzzzzzzzzzzzzzzzzzzzzzzzzzzzzzzzzzzzzzzzzzzzzzzzzzzzzzzzzzzzzzzzzzzzzzzzzzzzzzzzzzzzzzzzzzzzzzzzzzzzzzzzzzzzzzzzzzzzzzzzzzzzzzzzzzzzzzzzzzzzzzzzzzzzzzzzzzzzzzzzzzzzzzzzzzzzzzzzzzzzzzzzzzzzzzzzzzzzzzzzzzzzzzzzzzzzzzzzzzzzzzzzzzzzzzzzzzzzzzzzzzzzzzzzzzzzzzzzzzzzzzzzzzzzzzzzzzzzzzzzzzzzzzzzzzzzzzzzzzzzzzzzzzzzzzzzzzzzzzzzzzzzzzzzzzzzzzzzzzzzzzzzzzzzzzzzzzzzzzzzzzzzzzzzzzzzzzzzzzzzzzzzzzzzzzzzzzzzzzzzzzzzzzzzzzzzzzzzzzzzzzzzzzzzzzzzzzzzzzzzzzzzzzzzzzzzzzzzzzzzzzzzzzzzzzzzzzzzzzzzzzzzzzzzzzzzzzzzzzzzzzzzzzzzzzzzzzzzzzzzzzzzzzzzzzzzzzzzzzzzzzzzzzzzzzzzzzzzzzzzzzzzzzzzzzzzzzzzzzzzzzzzzzzzzzzzzzzzzzzzzzzzzzzzzzzzzzzzzzzzDDDDDDDDDDDDDDDDDDDDDDDDDDDDDDDDDAAAAAAAAAAAAAAAAAAAAAAAAAAAAAAAAAAAAAAAAAAAAAAAAAADTgAAAAAAAAAAAAAAAAAAAAAAQQAAAAAAAAAAAAAAAAADAAAAAAAAAAAAAAAAAAAAAAAAAAAAAAAAAAAAAAAAAAAAAAAAAAAAAAAAAAAAAAAAAAAAAAAAAAAD/xAAC/9oADAMBAAIAAwAAABD33Hf3XvvHDf3333333333333vTznDTX73330SkF8ctH7H33333333333330oMXzzvf33333333333333333333333333333333333333333333333333333333333333333333333xrf33/fjfTXHXbSXLf333333333333333313333wpOeNoXNpS/Db33333333333333333333333333333333333333333333333333333333333333333333333333333333333zzzzzzzzzzzzzzzzzzzzzzzzzzzzzzzzzzzzzzzzzzzzyhBgDAygiCBTTzzzzzzzzzzzzzzzzzzzzzzzwwwzwwwwyzzzzzzzzzzzzzzzzzzzzzzzzzzzzzzzzzzzzzzzzzzzzzzzzzygAyBBQiySw945j3V8PgCAQCiQizzzzzzzyigTTRBRjAhWi2ZwtV3nRDzBwADDzzzzzzziwCTyCxxhAiDSTAzCzyiTizzhTDzzzzzzyyiAARxwyjTDAQhDThTjSihACTyTzzwzzzziQDgCgyBhyNPsTBMJUBigxQQjwDzzzzzzzyjBzQBQBxhAiupVrbWjAAhRwwgzzzzzzzzijiCSABxPDerScmChkLzTDzAjTjzzzzzzzgTyDBCjTKbF8Cm/zmm+xkzBwwjTzzzzzzzzmJGcK+pOpdsCNCZNC4B9vMfHNrzzzzzzzsRIjlizAm8YzXZxg/ZYvCDj37PTzzzzzzykyKrfzOzNJdPfCbuYwTuQ67/U4Xzzzzzzy7f8AGExh3i31Gdlm+obE0oQoV5rT88888887oRuztzt9PElMNUhnJVg2ayefun88888885cH0IjFisDgz9Lzv5YIIdv6LN0F888888899WE3SA28CR5Rr2A0llzmJY69dV88888886wZ5zNQvP632Q2wcZYUCYWYQRCt888w8886MxHz1Tg3p/HNijDS0uNucBTscm888c8887rC7yMVbv8Ae5cke+lbBEIrgDAsZfPPPPPPK3LdJKDHprmnkIEeQBdeXvsjwzG/PPPPPPPPPPPPPPPPPPPPPPPPPPPPPPPPPPPPPPOMNMNOOONPPPPPOMMOPMMMPNNONNPMNPPLDPMDIKNNBFBJDJNIJCBPCDJNNHICFFPFPPJPNPOPMOMMMMNMOMOPOONPMKPNNKOOMPPPPLCFPLOHHNLFDDJHHNDHPDCFKHPHLAEPPKIOFCOEOKPEOHKLAEAMNKOFIDDGPKABEGPOPNPMNOHPPPPPPPPPPPLPPPPPPPHPPPPPPPLHNPDHPPPPPPPPPPPPPPPPPPPPPPPPPPPPPPPPPPPPPPPPPPPPPPPPPPPPPPPPPPPPPPPPPPPPPPPPPPPPPPPPPPPPPPPPPPPPPPPPPPPPPPPPPPPPPPPPPPPPPPPPPPPPPPPPPPPPPPPPPPPPPPPPPPPPPPPPPPPPPPPPPPPPPPPPPPPPPPPPPPPPPPPPPPPPPPPPPPPPPPPPPPPPPPPPPPPPPPPPPPPPPPPPPPPPPPPPPPPPPPPPPPPPPPPPPPPPPPPPPPPPPPPPPPPPPPPPPPPPPPPPPPPPPPPPPPPPPPPPPPPPPPPPPPPPPPPPPPPPPPPPPPPPPPPPPPPPPPPPPPPPPPPPPPPPPPPPPPPPPPPPPPPPPPPPPPPPPPPPPPPPPPPPPPPPPPPPPPPPPPPPPPPPPPPPPPPPPPPPPPPPPPPPPPPPPPPPPPPPPPPPPPPPPPPPPPPPPPPPPPPPPPPPPPPPPPPPPPPPPPPPPPPPPPPPPPPPPPPPPPPPPPPPPPPPPPPPPPPPPPPPPPPPPPPPPPPPPPPPPPPPPPPPPPPPPPPPPPPPPPPPPPPPPPPPPPPPPPPPPPPPPPPPPPPPPPPPPPPPPPPPPPPPPPPPPPPPPPPPPPPPPPPPPPPPPPPPPPPPPPPPPPPPPPPPPPPPPPPPPPPPPPPPPPPPPPPPPPPPPPPPPPPPPPPPPPPPPPPPPPPPPPPPPPPPPPPPPPPPPPPPPPPPPPPPPPPPPPPPPPPPPPPPPPPPPPPPPPPPPPPPPPPPPPPPPPPPPPPPPPPPPPPPPPPPPPPPPPPPPPPPPPPPPPPPPPPPPPPPPPPPPPPPPPPPPPPPPPPPPPPPPPPPPPPPPPPPPPPPPPPPPPPPPPPPPPPPPPPPPMMMMMMMMMMMMMMMMMMMMMMMMMMMMMMMMMMAAAAAAAAAAAAAAAAAAAAAAAAAAAAAAAAAAAAAAAAAEIAAAAAAALHAAAAAAAAEAAAAAAAAAAAAAABCAAAAAAAJCAAAAAAAANAAAAAAAAAAAAAAAAAAAAAAAAAAAAAAAAAAAAAAAAAAAAAAAAAAAAAAAAAAAAAAAAAAAAAAAAAAAP/EAD0RAAICAQICCAQEAwYHAQAAAAECAAMRBBITIQUWMUFRZaPiFCJScRAwM0JAYYEGFSAyYJEjUHCgobHC8P/aAAgBAgEBPwD8Pgm2gi2snKhhn/Lv7Mk8pbpnRVZWFikE7lz+3t7QIuhuZKHyoFpbGT2BRkky6k1bPmVlddysM4IzjvnwQFK2vdtU4/aSASMgS6jh2KgcMCqkHs5MMyjoPX22WoUCFB2t2H7GU6ZrdRwQ6A/N8xOF+UZJzH6LsVHYanTNtUsQtgJwPzlG5gOXM9/Kf3byxxhuxnG3/wDN/wCIy7WIyDg45HInAfgm0jCgqBnv3Z5j/aJpg9but9eVTcV+bP8A6xPgW/bbWwyQxBJAKjd4c+zul1FlLYfHacHxxLtBfTStrDkf8LW6Pg1Vq1u0EF12gbj388ns7pfqKbFqXe7bFI3FQM5PJSAeyf3lUwTdRg733bc8ldNnLJmotrYUpXuK1pjJGCSSWmj6R6Jqqp42mse1APmwCMryGOc6R1NOp1bW1IUQhQAQARgSz+0eNIK61c27MGxuX9e+aa1ardzFgNrjI7RuUiDXaZNM9YNruUZcsAP839T+fRqlCiq7ca8nO2I1RcF1IAA5DvI8ZqdVTZQa0UjmuOWBgM5/+oLUXTcNQdzPlz/IdgEu1NXCrrraw7bNykgAoPAEds1GppuqHyEWZ8OwDPfOk+m9HqtDdTWLNzbcZHgQf9EIjO6qoyWIA+5mp6B1On0wor0otvfDWWlgAnftTJ/3M1Wk1GksFd6bWK7gMg8v6fjpNMdVqaaA6qbGCgt2ZMXoi8ojPZVXu1DUgO23mg5knwE6O6HrHSGgLvVqNPc1i5GQMqpOCCBE6CttOn4WqodbXZAwJwHUZ2nIlfRVrV6ax7qqxczgbztwK+0ma3o9tKtFgtS2q4Eo65GdpweRAMHQl7V6QrfUbNQFNdWTuIPeftD0Jexp+HvqvFlvC3IThXAzg5EPQtzvSun1FN4ssNeUJG1gMnOQOUToK223TrRqabUtdkFi5wGUbiDkSnogi3RWLbRqKrNQKjtLBQ30nkDE6GstJZrqaA97V0hifnYHGByPKW1vVY9bjDIxVh4EfwV2uTU6RUvQtfXgV2jtKfS/jju/wadLnvqWkE2Fhsx4zpPpWmrpnSs9KsmnUmxFwRxLObEfzBMX+0GlSzREnVW8C2xi1hBZg64mj1Vr6bS6PTVsdQus4yeHJZrultNX06X4e6mlGrXZj5WbmWXPeCZ0t0lTrKNHUjXsaeJl7iCzbyDE6YWrU9F311knS0hGB/d25x/Qx+n0TUaa2qzV2hLd5W5hjBBGBj79so6R6O0Op092jouYq7F2sYA7WGNoxOj+k69T0toES/VOod2PGZcD5CBgCVdK6HSrpKtPVcUTVC+wvjcSowFGJR0/WKOE76qoLc7oaSBuDnOGzL7TbdbYSxLuW5nJ5+J/5l1H8x9L3TqP5j6XunUfzH0vdOo/mPpe6dR/MfS906j+Y+l7p1H8x9L3TqP5j6XunUfzH0vdOo/mPpe6dR/MfS906j+Y+l7p1H8x9L3TqP5j6XunUfzH0vdOo/mPpe6dR/MfS906j+Y+l7p1H8x9L3TqP5j6XunUfzH0vdOo/mPpe6dR/MfS906j+Y+l7p1H8x9L3TqP5j6XunUfzH0vdOo/mPpe6dR/MfS906j+Y+l7p1H8x9L3TqP5j6XunUfzH0vdOo/mPpe7/otrxaRhZRVeLK85xmIO2X12mwhczQLelp3ZlhJpMaq7JIzNDxVr5iZJ/inXcBMLgcovImBAHzOQbIEO0ribFC4A5xPlUj/T+ZkTMH4ZgYfxnKNfWgJjdJVCHpVO6f3qsTpSsnnK9XTbygCN2NMY/iDmE4HOW3PkgdktJIJJjkkzGOyFmi5i7+4zT22g8zKbN4AEPLke3+HJxL7FC8yBGfAll2SQJ2iM+04jWjGYlkS4L2xbUI5MJpdUlVnNxAQ+Hz+exwpM4iw2LOKs4wnGE44i3gZE1nTHw1gXxM1vSl+rZkQHkYdTcKKzgliADALlAYL8xjvqLVRVBU7uZlmhcLv35YLzidGPZUynvg6PtRcj/aV1guVt7McpdWUP/DMvuw9R7x2zQ6xLdOniBOMJxhOMJxhBcJxxBcOX5F/6T/aFm8YXPjN58ZuM3mbzFsJsBnSIVtajsuVHdKKq1texU5HsE0hQNll3eAltoP6aDP7fvCW4Sh6sNnJab1YKofAPbOJusRAds1d5rGB80bc/PEcNjkJwFX5m55miZVXkJv8A5zfN5m8wOZvMRvmX7j8jUHFFn2hebpmZhMzCcMJqKgW3mKQTgTmq8oXfkQckdks1NrIu4R7iu1wY7G6sOvaBFsFmMiOUUYjssI38pTSyjMwZkiZmYDMxG+dfuPyNSM0WfabIVxMTbCrd0w5/bOHaf2xqrWUjbFrsVmyIpPPMocZbMYFrDtORFqYghsCKTXkQOGp5DBmxzg5PbLGAYDEroNjL3SxGqws35/w4iL86fcfkan9Cz7TJmZkTJm9lmmfBywiqrcwBNg5jHdNSeG7ZWF05kiV7fmyDgyvhVuTznFZ258hG4ZU+OYpRayO+V2Lk7oqKbdx7JSymwbI1CWIMjnL9M6NmGYgGZjEAzExuX7j8jUfoWfabYRMTEAE5jslWoZcRLQwmr0y2Vkgc5Zorl/bEqcHBWHTQ0YjUWd0NDzhWL3RK9Q5wFM6O0rVkM4hxkY7I6I3bLdHWxyI+kweRnDIm0zOJXzZfuPyNR+i/2m1oQ0w0w0w0wfwptKkc5U4YRhnkYdPUf2x9Kn0z4NW7p8CJ8InesGkq+iJRUhyFEYzigDEsuPcZxn8YbD4wtMZhSV/5l+4/Iv8A0n+03mM/Ob5vheb5nnFMptKmVuHUGc5mMD3TJHfC6eMNo8Y10N57Iz9+YXJhabpuitCxlZ+dfuPyLv0n+0IhWbJsm2bYBMRZVcVOJ8SuO2cdY+o8IbiYbJxIX/A9n4YmJtiiYiD51+4/Iu/Sf7fhiY/BhMCYmDBn8CCe+Z/nBMzBm2FZthWbIEmycMwJiYij5l+/5DjKMJwH8JwX8JwH8JwH+mNp3P7Z8LZ9M+Hs+mfD2fTPh7Ppnw9v0z4e36Z8LZ9MXTP4T4ZvCcB/pnAf6ZwH+mcB/pnAf6ZwG+mcB/pnAf6Zwn+mcFz+2cF/CClsjl/2mf8A/8QAPhEAAgIBAgELAgQDBQkBAAAAAQIAAxEEEiEFExQWMUFSZHGj4SJREDAzYRUyQAYgI2CBNEJQYnCgscHR8P/aAAgBAwEBPwD8OkrnBrcDDEHHbtiXKxIIKMCODY742qrDWrxJQDPqeGBK7A+76SCpwQZ0kmxq1ryRnvA7JXZvQsVIwSCPSW8p6StEbcW3dy9o9ZZctdXOFWI4cAOPGLrULKppuXJAyUwOP5xOATOm8f0+Gcdv/wCEByAZzq84EHE4P+mMf/Y15V1U1PxbAPDH/mdKXvrcHAIBxxycSu1LBlZXqqrLCgPH+6E1HOO5FecEKck7R6YlVViFztUbiOAOcfvxE6E4LbbcjauM/dW3ccCUo6mxnwC7ZwDnGABNRo9e72c3cio2eGSO2aOmynTqljBmycmJyPm8u7KE3Z2CXIXrwMZ3KePZwOYdNc1yuRWqhgcAnu/PtoJYvXtD/vGFgXCnJJPEymixLQ7EHgc/6hR/6hrY3byRgLhfU9pldNnOO7qgymDjJDH7kGU02V2H6spNFyZqKNVXY5TaM9h+4x/khmCqWPYBkynlWm642veUrXIRMH6v+ZpRqKb0L1NuAOOwj8dRcKKbLSpYIMkDth5Qq3MFR3xSLPpGeDdg9ZrOUWOk1QVXqurCHBx2Me7EblREF2+i1TWoYqcZKk4zH19Ye5Vrsc1hSdozkv2ATTatb2tTYyPWQGVsd/EdkPKdQe8GqwJSSHfHDIg5TqAs56qyopXvw2MlezhifxKtVsN1VlWxA+GA4gnHDEblSutLjbTYjVqrFDjJVjjIlnKANepUpbS6VFxkAnb9xG5RRAAK7LStSvYVA+kEd8R1sRXU5VgCD+x/oq9K1OoLVMBU+S9f2b7r/ctatanNhGwKd3pNFoLH5OvC2ENcRsY+BOCgw8k3smpH+AnOoihUBABVszU0It9+oucCltPzbfftml0Fz8l7d+LLGDnd3gdin9sCaDRWae3UOwqUWbMLWMAbY3JxenXVO4xfYWBHdF5JZqrkdKELJtDVg5znOTmW6PWaqm6vUW1gMoChBwyDnJzNXonp0GqZqqFJVQObB8Q+8s0OqvbUPc9e5qDUgXOOPHJzLeSnNvOKtD7q1VhYDwKjGRiVIK60QAfSoHAYHD/iXWfyfufE6z+T9z4nWfyfufE6z+T9z4nWfyfufE6z+T9z4nWfyfufE6z+T9z4nWfyfufE6z+T9z4nWfyfufE6z+T9z4nWfyfufE6z+T9z4nWfyfufE6z+T9z4nWfyfufE6z+T9z4nWfyfufE6z+T9z4nWfyfufE6z+T9z4nWfyfufE6z+T9z4nWfyfufE6z+T9z4nWfyfufE6z+T9z4nWfyfufE6z+T9z4nWfyfufE6z+T9z4nWfyfufE6z+T9z4/6Lf2S1OnoW7nbUGSOBnKms0Lcm6gC2snHcBAlbbxntM5E1WhTQIjFMhMcZ/arUJdo6EpKZB44mh28/QbOwNxnTuSCiklMhB3Cf2ksos1qtTjGICTx/qhgcQSDmPY7ZG44zAADmK9gPGxgO7Eax2Jy7ERCwHEw23bCN5zBYxILHPCD/L2JgzB/HBhmf6viYtNjGLoLWn8Lsn8LsjcmWiW6SysZ7Ycr2r/AFIx3ztPCVVjgTKscBiUoe4QUkjJi0DMtAAjhftLqqz3S2oITnsnp2f0uD+GJWMGVV7iOEq0+ACYu1McYLRti2r9xLDkcI4Y90s3Z7JbU1qYCnhCCmVxMGYMwfzFGWAnMGCgzmTOYMFJnMmcwTObG7BliKmJybTXcTutC4EaysWFOeBAnKWoWtqysv5Uufgs6RqTWDKeWLAm16gI97XVK1JG4HJA75plucXW2/SQOyUapv8AE4YyZzZLN+85kzmTOYM5mcyZzJhpOD+RR+qnrAgmybJzYmwCbYqDjNRWxfCw6S9wDLa7Kh/MVMU2Zycj95aXu2/tKdO5sA2xqAlIAGeEHJtlpwxOJpOT69OAVyCO+WqpVmMXQ7yWEarDTZ+02ftNn7TmxCgE2iOn0t6H8jTcb6/WBJsmyYhExDwjDBzNOhYDhNfoTaBgdk6Gjqi47O2U6Che2GnTqPpAiKB2zcR2CKzNmNWTUZTetIYERjzjl+6ZEyJwmJtmyOn0P6H8jS/7RV6zMz+G+Bl74TX4oXq8UayrxSi5ABhp/jWowUjEsHMUIduWzNLbaXJsXhGrB+oRmCxU4xcAiar9PgY1orDZ4yh0sQkGbMf3SY7fQ3ofyNN+vX6zjB+G0TYp7Zqa9wwpjl14EmBu8zSVGxRgxKdTWh2tFssahVZQWEdiyABeMTISOhJhDCB/vNXeWXasspsWsl5XfZU/7SjVI6474vZM/gTGMfO1vQ/kab9ev1mYGm6ZhaEZl2nDZMdTW3ETR65qnGRwlOv01yDJGYHp7jNyRbEEyhhWs985qv7yzotfFiJyjq63BWszuOe2KzDslWrtUYlerLcCJvm+YzH/AJG9D+Rpv16/WZWZWZWZWErMrCJbQrjslqFDEYrxUxdZepBDmLyrcO0z+LWf7ozByvf4I3Kln3h5VvPY8s1Vtn8zExQc8IKSTkyule8QUJ4YKwO6YgwIHjsNreh/I0/61frNsVJsmybZtExDLqt47JYhRiCPwyD3TLD+U4gFx74FbwxKSx/liaYQaYCCvuxAmIFm0TEKzZHT6G9D+RR+snrAZum+b5umZmZ/C+hWye+dHfdwnRmlel+8WgCCoTmwIB+OYDMzMJmY5+hvQ/kUfqp6wGFpmAzh+GZwmYRmDAHZM/t+GJwhMDTdN04TIm6blhYTfGb6W9PyKyA6kzn08UF9finP1+KDUV+KdJr8U6TX4p0mvxTpNfinSa/FBqavHOk1eOdKr8UOqTuadKX7zpFfih1FfinSE8U6RX4p0ivxTpKeKdIr8U6RX4pzyeKc+ninPp4ob69p+ru/7TP/xABKEAABAwIDAwYMBAMGBQQDAAABAAIDERIEEyExQVEQIjJTYZEFFBUgIzA0UnFzgbEzQEKhBnLBJENQYoLwFkRjcNE1YICDsLLh/9oACAEBAAE/Av8A2R6NoGlxRYwPbuBFULH3C2mioaV3KFgOrtia0VcTsCo1zHEChHJH0BzQSXU1TnWupYxPoY2mgGqG1PgcOjqEII7didSpoomsIcXblTDcU9sVlW/nBSuq2DS1o7dq2+674aFGldOS00JUoAfomlo2sqnWZYNtCV6K4Ntr2q0Ayb6JzBXgKV5AwbK96e2nqWNFLnbPuudI5MdcC2lNOQW3so4UGwID8UA10TPw5OSNl8f+pCFodVYgANFOPJG+5qleGN7eRn4b/oo9a1on/hH4/nWOod31RBfXZpvG9UFE0bOFURRso7VN+IU1tzgFIau02DQJpLHW2hOq2Q2lGlDXWm3tKe2hWNwxkliLHuEn7AcVOLWxipPx9SJXgUqi9xpqjK8jarjbTcgSDUIOINQnPc7byNke3YVny+8nPc7aeTNk95Ek7eQOc3YVmye8i9ztp/PBzm1oeS40p21V553aiS41KDiNnJmv48gcQiSTUrPk7E+Rz9v/AMGY43SOoFM2NrqMPx9Zh4WyXVrp+QiYHvoXUThRxFa/4K1tzgKoxWR2McG12krxT/qtUmHsaXZjT5+FDDJa4Vqo4f7SWHYEBAZn3aNGwKPImJblU4FYMUdKFF4s92Xl/VQxRl8sbhruKw0QL33jRqjyKvc/6NTWwzNdSO0jkgjiMDnPG9NZHNLzW0aBqmnCvfl5f1TMNWdzDsag7CvdZl07VFhw6V4J5rUw4aV1mXTgVBC2+VrxsUZwzzZl/VRQjxksdqEyEPneP0gppwr35eX9VIyx7m8P8EilbI3Kl+hUsTo3UPqGutcDwUha1r5RvaFg2tJeaVI2KB2JL+eKBYf8WdYT8dv1RfZiyf8AMsRSON9P1lYZvonuaKvUDpzdmfTkj9ik+KwTgHuHEK/F3UsHxooHkzyB9LiPsm4WUvtpTtWFo18sd3wQfi7qWDuWGLjJNdtUEEgmbVtKJrgcaaKBwGJmHEq/F3UsHxopi4yOu2/4KXOdSp9RHGZHWgrEuAYyIGtNqa5zTUGiz5q1vKEjwSQ7btTXFpqCo43TOPO+KxUgc4NB0aE17mHmmiz5q1vPJe8NtrpyeMTU6ZVUZ5iKXlbF4xMRS8rBH8T4LPmpS8prnNNQVU1rXVeMTU6Z/wC9tqtCtCtCtCtCtCtCtCtCtCtCtCtCtCtCtCtCtCtCtCtCtCtCtCtCtCtCtCtCtCtCtCtCtCtCtCtCtCtCtCtCtCtCtCtCtCtCtCtCtCtCtCtCtCtCtCtCtCtCtCtCtCtCtCtCtVv/ALejkZI25uz1AlBmdHTUCv8AjT/Gbja6O3tWFlmluLqW7iN6ZiHnCPl0qEZMXlZvMApW1PxNMO2Wmp2DtT34yKMvdYezgnzlscVBV79gRkxERZm2lpNNNylmm8Yyow3oV1TL7RfSqOb47Jl0rYNqZLK2YRS01HNIUMrnyTA/pdQJkrjiZY9zQFDLiptlgAdqjLNJK9sVoDdpPFRTSmd0bwNG7kJZ5rjFaGg6V3puIcYZSRR7K1UD8Q+17rQ2mzemSYqZuYywDcFE9z4wXNtPD/D8TKHvyLw0frP9FG6Glsbm6DYCo/8A06T6r/lP/q/onA+JQO9wglYqeE4Z1Hg1GinbzcI81tA1p2oxYTm+lJqdOdVf8/8A/V/XkzGMxz7jSrAnubLi4Qw1sqSVC9rJ8SHOA51dVA9r8ZOWnSgWB/Cd/OVA9sUs7HmnPuFe1ROa/GS2nSxYeOGhZI8te07LqINhGHxJjJOhqVh/Zo/5EPFngvbIYnb9aLCvfJC1z9v+HmGImpjaT8E2ONurWNHwCy2W22inBUFKU0Tw5sdI2j4bk5jntLGYayu1yDQGhu6lE2KJpq1jR9Fa266grx5DGw1q0a7U1jGdFoCdFG/pMBQYwGoaEGtbsACmuv52HD27isPG/MfK5ttRQN7E6KN/SYCrW220FOCAAFAjDE41MbSfh/3s8Puc3BstJHpR9is6brX96zputf3rOm61/es6brX96zputf3rOm61/es6brX96zputf3rNm61/es6brXd6zpesf3rOl6x/es6brH96zpusf3rPm6x3es6b33d6zpetd3rOl6x3ehNLUekd3rMk9896zJPfPepZJLDz3d6vlP947vWbLX8V3eoJZLOme9ZknvnvWZJ7571PLNmO9I7vWbP1ju9RSzZjfSO71mSe+e9ZknvnvWJlky+m7vWdN1ju9ZsvWP71my9Y/vWdL1r+9Z03Wu71nTdY7vWdN1ju9Z83WO71nTdY7vWfN1ju9Z03Wv71nTda/vWdN1r+9Z03Wv71nTda/vWdN1r+9Z03Wv71nTda/vWCml8cw3pHfit39v5D+IfYo/nD7H8l2pu0LNj98LNj98KWRhYaOVVVQvYG6uWbH7wWZH7wUurzRUTCBI1ZsfvBZ0fvBYiRjmUDlTzAPXYL23C/OZ9/wAh/EPsUfzh9j+RpVUWiHmaeZqq8mn5XBe2Yb5rPv8AkP4h9ij+cPsfUVWi0VPytfymC9sw3zWff8h/EHscfzR9j6qnnUVPMp5tFTzQj+TwXtmG+az7/kP4g9jj+aPsfV08wedRUVFb5lEQqFGv5SiwXtmG+az7/kP4h9jj+cPsfyVOSnJTl08wrcj+T05MF7Zhvms+/nk0Co/iB6j+IfY4/nD7H8gQqctqtVPPPnnkoqerryYL2zDfNZ9/PPSb6n+IPY4/mj7H8hTVcOUaeZTzNF2eefPr6nBe2Yb5rPv556bfU+H/AGNnzR9j68Lt5AVVUG3zrSqKnYiFQ1VOzlp6yvnYL2zDfNZ9/PPTb6n+IPY2fNH2PnVVAtPNohykcraqgVNFqqr6Kj+BVjq0sKoWnUFa8m7zD6ynJRU5MF7Zhvms+/nnpt9T/EHsTPmj7H1deXfybVTlahDK7osJUPg2QkZmgXkzD13oYbDt6LArY69Bq091caKjXHUBHL6sJ2Fw7v0p3g9n6XqbAStbVvORaRtCp6uvIOWvJgvbMN85n3889Nvqf4h9ij+aPsfU18wLfyaI8kMT5ZAxu1YbwWGm6XbwQAGxFOKuWtCQgSf1aJztaNTpRuQcgU2hTahSQskHOCm8HFrLmOr2Iim0Kip6jXz8F7Zhvms+/nnpt9T/ABD7FH84fY/kQsNhn4h9BsG0rC4OKAc0a8VTetKJzqD6ouRk0KMivUbngFwC4qF1DqhzybUDrsQCoqLHYW9uYwajct3JRU9bgvbMN81n3889Nvqf4h9ij+cPsfW/TlqoY3SuDGbSsPhmwwhg+q1qE59DSie+h2LtOxF7jXRaFruKIPBUTL7HU2Jo2BFobomDWleWipVELwhBHFKLd+7kr67Be2Yb5zPv556bfU/xD7FH84fY+fTzqKnL4FjrO93BvJoE99Kp76hOJIoiDvTdCjqSiF0QgN6ATdmzkDgrgrgFnx1pVeEIc7nt3LeqIhH1mC9sw3zWffzz02+p8P8AsbPmj7FUVFRUVFag1Wq1UVqsVqoqKlV4KrDe54oDsU01DzU3Exu0caFSA9EJzHbGlZU44IySB2raot0BKfIBIGqSRjX01T5GvCE7dijOnBWnc9OD7TxTMVlUBQnucgA4ULqogx4nageYarFRWSdGgPIVRUVFRUVFRUVqtVFQLB+2Yb5rfv556bfU+HRXCM+aPsVllZZVhVhQaVYrDwVjlluQjKsKsKDFRqgia6TU9qIYw3EBF2Y0FFwBaCVLUvHxRlNV428SCjVJjWClUJmMq6u5POaDVeMTA0ps3rDvL5udvT32k04rMfdWiz5NKHas2RgtcSarCYlh5h2rwjYbQ3pLC1FS7YAmuzHCgopGNzadibvqsc2N8TaDnBWqwrLPBWdis7FYfdWX2Kwq08FZ2KxWqxZawrP7Xh/mt+/nnpt9T4Z9mZ8wfZUVFYsvXYspWINVO0KiDK7laQrXLL4p0MZWFjYHfRYqcbANivdJhWubROLnFPJt7VPK8gJj5X0bVMucSw/RTehAbQkqCUuw7rxs2Lmue4EpjMnnV0oiBcK71I0CP4psWtAKkJrpNlNVsooMNU3FSgtoG7KppcxtypI83dihjkJ5+5EXNcG7QucSRl0VCrCssqwqxEKh4q13FWlWO7FaRtVO1U7Vhh/aYPmN+/nnpt9T4Y9mZ8z+i0QpxQA4qsfEK5q0WnFc3iubxWnFVHFVHFVCoEyg53BFua06aUUTS2oGzgjo/o6J8eWwO4rEW8Vlsja11UHZJad7lK5sklD0k1/o3Rp8dHCiewzua3YN6kjBNFiY3tgG8KCN8j9TomhlarNrVRPc3R2xOaTLt0TszM2bEKxtuem4gukqu0KbmvO5actqtKLUY1lO4oxnjyW1Vh4KzsWGafGYfmN+/nnpt9T4Z9mZ8wfZWhADgqN91BgQA4KjeCtbwVjOCsZwWWxZTOxZbOAWWz3QstvuhNa1v6VEObpsTGNaT8VMA06NT4yW9L6KNjKuqKqRpJHBqMT5tQ06KaNz3soNm9GqY1MZFdUbUasxJvKZa+JzRvTqw8wdJB8uopSgTJWjavGCaNR4E6hRTO0H7rEh7o9Aog28JmgUvPduVjVa1WsVG8VRvFUHFWjirf8AMv8AUi1qt7VYeKtcsOH+MQ/zt+/nnpt9T4T/AAG/zq1yDSqO5NyFFeOCuatFryUCo3grUK1TR2o6VKkxEZaApS7aHqFr3P1CZh5DJU6BPda3RBu8napmUUTLmUQaw9LRSxB767lFKIX2p9HuLkLnVCiwrjVz9FHE1gLlGHPcS9RgNef2QHNVkXDVF7rbQxWu91WH3VYfdVn+VZZ91WHgrTwWWeCyzwWWeCyzwWW7gi13BWngsOHZ8On6x556bfU+EqZDa++vRrmKjeK5nFaIOoszesx54KvErRaKqqFryRBobWm1TFoTWtNRuTomMcN9dihjIrosTM1ugWHaZHykncso5YLinPptQeRqEHa7NVo1uuqkjbK0P2dieXg81Qvq0uQJDOcuk0iqZIACx21YWIB1a1VNqj2kqV+uivKvVe1V7VcVUqquVVqqlVeufqheoD6eL+ceeem31PhT2dv8/wDRae8qjiq8puT7zSmxCXcAhVByqririqu4FekOxpTJJwKWKWEyMTX2i12hT3ZcoJRl00NVLbasA6O11E+bXdRPYyuvRTpG3Ot2KkxrzlhdRr0kWtIOiewtTW0Zos24CqEg3BNBd+hQ81mqaNEGC2ilgdH8FWm9XK48FcVc5VKqVVXFXFV5dVB+PD/OPPPTb6nwqK4dvzP6KwcVZ/mVp95Wn3lR3vK1/vBWv94IQ/5llkfqVj/eVr/fWCmjLbH0JG9WM4BWn3m/RB9ppWqurSjhptTniq5h2hSQRPQwbmOq0rEwqPEeL3NQmqKqWYu0cfgomWtJcueIyr7RdXVYOdxjNVLIKFQlz7gFFh3A+kU72sLQ1QPuTInl23RBoCJ1RoRqNFicJKKuYRTgvScVWT3lc/3l6T3gvS+8F6X3gqSe8FbJ7wVHj9QXP94Ln+8Fz/eCq/3gsMX+Mwaj8Rv3889NvqfCvs7f5/6LVc5c5c5a8gJVXcmqcmukhkD2qORmIgqOCjPPN47F/e2nRCQQvNVIRcnyELxjRDEaJ0rSE6JhchCxSYcEghC2yr0836ALxd1CsPoy2ifG+412KFoGgCrzbQF4o0qLD2lDmp0wTHVeg4OCKxGEv1ZoU9r2mjl9VVarRVCuRcSiVryc1YYDxmD5jfv556bfU+FPZ2/z/wBOTUclSNyqFqrir0HlVctVRRTS4d1WdyD48S2rdHbwmjTngVWIa11KDVVlb0hs2IzNcqqqc4q8oSISovaUCg9XN1V6a8BZyzkJkZigdV46GyaVUeJPSDSmTPcNRRVT4mSCjgpfB3uFPis2in0TrR+tXHghqrf91VANq5qJHaq9iDBxWHb/AGmDX+8b9/PPTb6nwv7Mz5n9Fqqnk1QLqoucucdq03cmvFVKDXIhu8qpY6rdFh8dmc1+jk6m1Eg71LE12qcZWaUqs0K6oVUNi3KqqrlcrlcrlVNT542bXLPmk6GwqGHQAgqG5oomTN2I7UNnI8MI1Clw+B1qWj6rEOwsZ5kpP0WeCg4FEgHVpWYz3UCHJzGbls3rDZhxUNOjmN+/nnpt9T4W9nb8z+nLpxQDeKryHXzyqcFhcdTmS96MTDRFjRuRjaQn4VjkcIRvT4Jh2ouczaFmHgVmLMHFXjir2oygLM7Cs0+6VfL7qa2U703Dx11CEIbqBom1GlUw/wAx+iAaBV+im8J4WLQG49ixPhKebQc0ITzjZK5Z0ztsju9d6+itVlCjc5WrSiroqrCuOfB8xv3889NvqfC3s7fmf0VzVc1XDsVyuVVUKo5NFpyUVqoiAvB85HonH4KU27tFv0RonGm5HXYnsY7Q7UMMG7NVYxx1jXig4BZDBtAWTHwUkOnNamMfTZRVc3dVRh8m7RMA3Kklw00TIaOrVST4eEauCd4WlqbAAE/ETSnnPKoqBWBWhWhWtVreKNKK4K4oVO8K13FZdN6wraYmD5jfv556bfU+GRXDM+Z/RZQWWzistisYsuNZLVkt/wBlGNv+ystv+yspqymrKb/srKajG1ZYVgVgGqweLN+XIdDsKe1rHVL6BSmIjSQK9tBV4UkkQ+KMrteamySmmxGTc9q6NDdVqFDsRY7ggXV1bRCFklbSmYR12rlFBY0p78PFq5yf4S6tn1KfiZ5Nr1bxqg0KxqywstvBWN4LLb7qy2cFlxrLYsttNitYNyy2KxnBZbe1WDtWGa3xmD5jfv556bfU+GPZmfM/oqKnYh8Fpw5ahW1Vq0WnKeQjtX1VFDNHiITHLtAT2OuNK03IVv1UNlXA79hT4TYjE7ShNFlZnNGvamQUZRNw9HVTjG3pOClxeFZ+q74I+ER/dxoeEcRdX9lLjZ5d9vwVK7SqIBWq0KxWqjeT6qgVipyOaEAePLzVh6eMwfMb9/PdpQ8PU+GBXDM+Z/RU+Koe1U+K7+TVVK1VCuctVrykqqPIHOY4Fu1QkYkUzKP4IYaa5zcuqh8GyDaaLxNlNSV4myi9BDvAU/hGFg5nOcpJ53uJLzqqOVFRU9R9VotFUKqDlXk+nL9V9VhfaYPmN+/qLB2+o8NGmFZ8wfZB6zAsxvasxnasxvarx2oSN4FZje1Zg7VmBZgV7VoUQVVarXlDi0ghReFgGUkYS7sT/C7/ANEfen+E8Wd4CdisQ7bKUMxx5xKtKoqKipyV5AFaOKoOPmVKqVqqnzKL6KiA7FYsMweMwfMb9/yHhqnirPmD7LmrTsWnYu5XK8qoK07Fp2ctfgr39iur5lQtOWiIVuqoqK1UVFU8ECtFcq/FV7CrhwV/Yg5yuPBXngrzwV7lc5VcqvVX8VV3Fa8V9eTVYX2qD5jfv+Q8OeyM+aPsVX1+iqOQUWnJpyV7V9fO04eZVVWqqVcVdy3K5XK5XdqqrkDyYT2rD/Mb9/yHhz2RnzR9iqqqqq8lSqqquVVVVVyBWq1Wq15K8lVfymRZivV6LlcVUqpVxVVcrkHq5XK5Xch5Kqvb5lVhD/a8P81v3/IeEcI7FwtYHUo+q8gS9c3uXkCXrm9y8gS9c3uXkGbrmdy8hTdc3uXkGbr29y8gTde3uXkGbr29y8gzdc3uXkKXrm9y8hTdc3uXkKbrm9y8hTdc3uXkOXrmryJN1ze5eQ5uub3LyHL1ze5eQ5euavIcvXNXkOXrmryLL1re5eRJetb3LyFN1ze5HwFP17O5eQp+uZ3L/h+fr29y/wCH5+vZ3LyBP17O5eQJuvb3LyBN1ze5eQJuub3LyDN17e5eQZuvb3LyBP17e5eQJuvb3LyBL1ze5eQZuvb3LyDN17e5eQJuvb3LyBN1ze5eQJuvb3LyBN17e5eQZuvb3LyDN17e5eQJuvb3LyBN1ze5eQJeub3LyBN17O5eQZuub3LyDN1ze5eQJuvb3KDwJLHNE/NbzXg93/d2V9kT3DcE01aD2eZNIY2tI3uA7+SOQufKPdP5ZsjXOeB+nlZIXSyt92n7p8jWFoP6jTlfIRNEz3q/t6mSRsbalEuubRum88PX4om1ja9J4B+CkjZC+F0YpV4ae0FYfp4j5iArh8OP+t/5TGNY21ooEasZLANt1G/BykbHmNZYX2s6O4IV8XxbaUoTpwTfaIfkp7ix+McNoY1ZclrCyAh2hvuGqeGPmf6MyEba7AtThGA9bT91JGyKSAsFKutPanvcxuNLdtwQieDGWQWkHU3DULF+zS/BYjoQfMYpI/Svc6PMb/8Aqnu9DA1lzmudTt+CjY9swIhsbTnahYWJviwcNHlp5yaxjDFfGWOr0xvUhAY4k002pzbWxObFbzhzq6/VZTJMXLcK0a1aySTF0F/OLRrsWHEgiaH7VDGx00ziNRJomNdLGXGAuc6vOqFaZJYmS7oqkdqDGslxIbsywn/+nf6ApKvxFuXeGs2VQjmypmUsBPM1UbY2ysGWY3UPwcoWMbJiCGDmnTuTWPfDdkkvOt9Qrc2e2UdGMadpWHaGzYkDZzfssTGwyQVaNX0KLWyYkscOa1goFDzJ5Yx0aA04LFOe2aAsbU0fQKtuDfIw1cdp3oRPBjLILSDqbhqFrJJMXQX84tGuxWPphWS+8VY2LEsDNA5pqPgsZ+G3+dqkjZFJC5gpV1D2pzWSSSeiMm4knZ8EQH4KJztTUa/VPaGz4UAac77JoMuY50F/OOtRorHOdhGy7aOqvwZZ7BQZV1O1Mw8ZhY6tHUBv3p9X4iQGLMDQKCvFYZr2tcHNoLuaNuikdlSTU/Wyo+OxUozxb/qAf6dqfV+JkBivDQKCvFYZr2tcHNoLuaNunmvY17S1ybAA4OL3OI2VRw4Ly4Pc2u2iGGYGRt1ox1w5DCwytk3gJ8Ac665zTSmiGGYGSNq7n7U+BrrOcQW7CEzDsYXmpN22qGGAp6R9o/TVOw4Ly4Pc2u2m9eKx5eXrS6qbAA8OL3OpsruWSz0m+/am4elPSPIGwVTmhzS07CvFW82sjzaajXgnQAuLg9za7aLxePLEe4JkVpqXud8U2FjYsva2iGGHNq95A2ApzQ5pB2FeKNoAZHmmzXYhGBI5+8hOgBcXNe5pO2ia0NaAEyMMLyP1Gq8WFTa97QdoCfA11upBbsIUUduIm2mrRqV4mwtsvfbwqnwhxDqlrhvCyGWFpJNd5TYAHBxe51NlUIQJHPBOu0bl4s3UB7w33QdE+EOIdUtI3hRwtjLiCTdtqpYhIBqRQ1BCfCHWm4hwHSCjibHXaSdpKMYL2P3tr+6yGVk4P2jcm4elPSPIGwVToAXFzXuaTtopotcO0XUDjqmQhri64udxKxbbo2in6wmwAPDi9zqbK7kcM25xD3C7aAV4uzJyqmiyhWMlxJZX90cOLiWvc2u2iyW3RnXmVp9VltzC/eW0XirNlzrPd3J8Ic64OLXcQmMDBSpPaU+Jj3Mcf0nRZTM0Sb6UT4Q51wcWu4hMYGClSe0+e8kDRtVm+leymxtVE/Mja+m3keSBo2vqS9oeGbymSXSSsp0afv6oEku5tKfv69r2uLgP07fOeS1pIbXs8+aTKjL6V5Gkkatpr5l7byzfSvqMToxr/ccD9FefGMyvMrYjXxW/35K/uv8AmZvlBYT2aL4JjBM+Vz66PtGuyiqfFNp/F/qi/Jmkrscy4fEJ17WQMNxvqXU2qC4Tc2N7WW7+Kn5j4pN1aH6pz3BmJmHG1v2U0YgjzGE3Npv2pntU38rVh9s/zSpImHFx6bQU2JsmIxN1f06fRZj24e0E/jWdtFGCJmWRSNH6qrF/ht1pzwphl5UTQ6jiSabTRNLozIWxvazLJoeITMPdEx95zCAblI6+d7XMe4NA0b2p2Zk0Nw9KLa7aJ7BDJCWV5zrSK7U6RzBjHDc4UQDgYyyKUGvOJ3hSM58hla8j9Lm7lF+G3nXabVIznyGVryP0ubuTjd4tHmEtdWruNFbk4iNrei8Go+ChiE0eY4m51d+xXOlZhKk6k1omNEeKtbsMdaLEuIawA0ueG1T2CB0RZXV4aRXbVYfp4j5i1OHw/OOs3/lMY1jbRsUDGMkxBA6J07kLnxX2SmQ6hyko5zA4OcbOgFc7xbEjUWnTsUsQY2JzXODi4AmvFWCLEQ2V511deCxns0ina4yAljnMpsHFYa2w2uJFd+0dikfkzPdudHX6tXpGxPhJ5xLaf6kW5k+Wei1g0RqzxqME0EdR2KSNrcEXa1IZVQHNkc92hbsZwVT4vtP4/wDVFginhtrzq112qKMTXvcTW4012UWD1w0abEzxx+n6QVFGJw9761uNNdlFhnOdFzjUgkV+HnOaHNLTvC8WbkZVfqnwh0YZsAp+yyhmOfXa2iiZlsazgpLGSP8ASPZXbpt+ChgrhmtdUc6v7qaFsttdxqpYhJTWhGwpkbgaukLlinNyiw7XDmhNhaIRGdlKFeLnmh0rnNGwJ8JL72vLTShUMWVdziamuqkiuex4dQtTY7XyOr0qfsvF22OYTtdcmRPDqulLqfRSx5gArsIPcpYhJTWhGwpkZFb5C7T6LxbSzMdZ7qfDV97XlrqUWIjIhaLnH0g1QgN4c+QupsWQ30tdb9qbC8UrM4gbkYDV1kpbdtCYwMYGjYEYDV1kpbdtCOHZlsaKi3olMho+9zy51F4uecGyua07QshvoqaWbFl+lElf00Rhujsc4nt3oQG5rnyF1NiMBvcWyFt20IYYBkbbjzH3cgitlc8O0dtC8XI5rZXBnBPgq+9ry00pxXioslbeeenxB4YK9FwPcnR3SRvr0a/upY82NzK7U+El97XlppRRRCMHWpJqSpYWy2V/Sap0LXSsk3tT4rnB7XFrtlUIBZIC4kvGrk+EOhy68P2RiBkbIDQj9wvFhZbd+u5OjufG6vRTyxj5KSPbU6tpt+CwrCyCNp20Ri9LmB1NKEcUYDV1khbdtCYxrGhrdg9W42tJoT8EEJKyvZTYB+/nucGgk7AnyhuXvucB3+ZFJmNupvPmXtvtrrSvnPdaK0J+HnCYulLWs0G13qxMXSlrWaDa5MlL3uAZzQaXdvLe24NrqfUvdYxzuAqmuua13EJ7rWOdwFUx17Gu4ivnYsuEbaOI54TmmGSIh7iHOtIJqoml8spL3c1+gqomGePMMjgTWlDsTZXlmHlJ32u+ye5xZin3Gg0b9EbpJI47iBl3Gm9N9FLiTUmjAdVc/LDxnGTbsNE8F0ZGwkISOkbh21Na87/SmtMzpS57gA60AGmxZj8ql2rZ7a8VKTn4cV2l32WLbWB+3QKVlIsMAT+I3VAGPEMaHOIc01qa7EJDIwv9NcejStAoy4xtLhQ01UEN8JN7gaupQ7EZ3uiw/S59brduiiL8whoktt/XxTdLb3yMkr+rYVljx3a78Ou3tUt+W6zpU0UVL2c+Rrt7X71fmPluzdHUFldyrK5uGDi5pLiDuX4U0YuNrhTU70XPyDJcedIKfCqoZZ5GlxDWU0BptUplhipcTV9Ad9FGSJmWCW09K6qNRdmvkY6ujv0rcsO0NdO6rua470xjnw5uY68iu3QIudKcLzi25rq0VnMtqdlKoSPdFFHU332u/wBKAM0stXOAaaAA0T3vEEzbjVjwK9inJDoKH+8UTS+aUl7ua/QVWKkcyMUrznAaJhIlZaJrT0rqrDxC+fV3TI2qACNk79ea5+/grH5Gbmuvtu26Il0ssPOc0OiqaJ8Q8ai1d0TvUtc12ZmWfpLf/wCKH8NvPu/zIyZU0tx0Lbh9F6S3Dxl5q+pcd61injaHEtfXQ67FE5xwrzU15y57/Exe4XMNe5dBnwCsL8K6V0jriwnbonyGmHZzqFlTbtQLqTtpJZlmlyqMnDAvcOaOa3adFHc4zxgvAt0rtCEjpG4dtTWvO/0+ZjPw2/ztQheXtdJJdbsFKKOOwyGvSdVZDxUMlo07qbPgjC3Jyhsosj+z5Vd21OgPMc19HNFKpkBDnuc+64UOibBK0Wibm/DVEgCpWGa0yzSt2E6f1RheHOMclt20UqvFm5NlTtrd2rIkMkb3y1t3UUjL2ObxCyHFsQc/oOB2cE6OsrH16IP7rIkbURy0ad1K0Q0AQw0rWlrZtDXcnYcWMDTaWdEpscmt8laimmi8XkIDHS1Z8NU6ImVsjXU0ofgnsvYW12rJkLmGSStpqNKIwvDnGOS27aKVWSSYiX1sPep4s1ltadqkhDowwGlKfsnROvvY+0ka6VXi4MZaXEmtbu1MZLdV8tewCiOHktLM7mHs1QFABwUcdhk16Tqrxd4aWNlozhTVZIviI2MBFOSFrXYiWVuzYPinQuvL432126VXizcpzCTztSe1ZEjnML5a2muxRx2GQ16TqqWMSNp3FMZLdV8tewCijjsMhr0nVUcVgeK1ucT3rxZ9uXm8zhTWiyvStfXY2lFJEXPY9rqEIxSXEslpXcRVNhLI2ta+lDr2rEhkskUf6g7X4KWK+3WjmnQpkTr73vuNNNKUXiz6Pa2WjDXSnFCChg534bafHk8WfYYxLRnCidBpHR1HMGhWW8teHyVuFNmgRw5pFa+jmClaJkRje+R0lajX6LDNaZZpW7CdP6+Y9waKn1NW1trrTYgW1LQdm7lEgMjmcB/i+Kc5sdQf1BTOObz3PaymhbxUNcsVeHdqN78S9uY4NAGxGYPfJdI9tpoLQhLK9kDa0Lyan+VC9mJazMJbYTqoS/LdM6Rxtu0+CzjYH5ry/bbTT4Kz+2jnu/Dr++xQspip+e7S1Z97S/NeHfpAGivfK+NlS30dzqKFpbiZhcTzW/4vNHmMpXeE5k15cx413OUMWWyla61KbHSZ767QFlSsc4xubRxqQeKmbRsRdLR4Ojioy52KqXNdRn6dgUUNsRYda1/dNinaAwSC0b6ap0b85sjSNlDXghG8TueCKOpX6IRTR1bG9tu6o2J8T7mPY7nAU13qKJ7ZHvc4G4D/ABwgHag1rdgA/wDzURIAqUCCKg6JrmuFWkEIOa6tCDT8icbhQfxQhjcKT+KPydzbraivD85i/ZpfgoPYm/yLwd7MPiV4P/v/AOf8hjySIogfxHUTcLh2imU36iqdhcO4Uym/QUWAJAliJ/DdT8jicSIRQavOwLC4YsJkkNZHft+cxfs0vwUHsTf5F4O9mHxK8H/3/wDP+Qx342DP+f8A8cuB/Gxh/wA//n8jKx2GxGfS9h28QmPa9oc01B/OTsMkT2DeFFEWwCMnW2iwkLoYQx22qwsDoc2pHOdX8hiYBPHbsO4oHwkzSxj+1E+En6WMZ2rDQCCO3ad5/IkAihUOGfDK613oju7f+7f/xAAuEAEAAgEEAQIFBQEBAQEBAQABABEhMUFRYRBxkSAwgbHxQKHB4fDRUHBggLD/2gAIAQEAAT8h/wDxF4OhbnTqXE0no6hqMaRvjmbfqq4vyKDljxOmOGW76j4Bg/ZEjs7jqZJljEpS+YtcFIOXM6JcSHFP3nd/eWrrSH6woWo3hQIRo5qOK0e+ghKup34E2prFQKKPtBtRzaQUFxjK4INBQ0Z5hjnGS0diul28EyA/u9JZNc/JBsuhymXy7S6yN5jTmGaFouXywABFrY9ZivQeHAugu+0f6+BlKqzfFWt3viKOWh4SU8ytFo4CUw1o0r+P1qUVZovZEjVr4PZEC7xVuZAgDaBn7Q+0YHdh1/8AAQ+rL+ue4A0u5h02mDqf8gY9EE+sY5GinD1jTMCWrX1+SMGJpgiycjTaMh1a4q5uuq6hpMks9TBqWONPAKVk/wAAlPmrwEVeIWlfF5cTvw6lT9dpgsz4DAcHuRUF67Zvgjdqmq8Ble+sy27vMv6ddd46TM/0JQcf/wCGTR+rxCzGjLv5mbxTFfoCxjzDKoGr5/8AFxGLatlT6mBn+7NFBsfHRnRi+YaBaq+kshtjeAjo3C33TExR6NNywiiLlkwDJ3OMrkb0bD40KureoGu+spSFRwXlwd57Npp0aF5ZB103lA5bg+4SVxXonMCFRc0bquuL0lIVHBeM5u/8QAn8c9hbz8hg9Vc1GiEVYFgxliTisz96/dn7b7J7lvRlv1TqGg0XtA2Gq1FeP3r+IwXOL6SmvU6PeUzKGIsRjpiIwF3c1NC2ddEVqYl1EhgrWMugE9iIFqyvoymvU6PeL1drXX/i5xtFF/IqIMbzBrcpYkuSLBXEWQOpzAih5lzgdUy4dQvuXxVOQq8DAd9SCjZLaSENjnmWhVBUI08xtFUAbNYTg6WpDzF21ldy2n/22pxOqdU6p1TqnVOqdU6p1TqnVOqdU6p1TqnVOqdU6p1TqnVOqdU6p1TqnVOqdU6p1TqnVOqdU6p1TqnVOqdU6p1TqnVOqdU6p1TqnVOqdU6p1TqnVOqdU6p1TqleJTj/APPXpu1aVp8i2KmnbP8A7Ruk2UbmkfaIkU0vNYxrE0AN4qQTLieommdZFxXGM4rTLFZX8ilP8QIQvJszrCLi3ppHSF1joCX47nCutpUNWIiYq6OczKCjpu0NiWZnWXfAhbubtG1VxG2v8QPtENrIXfulq7jlbLbla5jDU1X/AJ50agrWOFysa2A4n7n7o64UGWCuiGr2IOYWkqPUUMzFtMoasdPiwNABdLgmACsmY3ZQLVZLgmq9PFymtSYWQv2UlkvZwOB6kCGJJm0I6ULwx9Ic1hQxPZOchnk5/wDPbLmqlYvZaqwIChf1oV7Tb2FVtUQW5o8eiFheLVg6qUksDKXonICdBawzXhNLRVgzDEN6KjQtnJcoQNVYVghFGXdBUyuNVKetwQOsLYRoW+UudRawxUBAAaBO64IgAUf/AGtdU1hqH5zPzmfnM/OZ+cz85n5zPymfmM/I4D/0x/vs/JIf2Sfkc/N5f/1x/u8Zy5vn5FPyKfyKTXfv4f8AW4rt8p+RR/sUwP38/J5W3X5z8in5FC4l9Uf7vD++z81j/cZ+Vz8nn5vPyefm8f7PPzGfmM/OZ+cz85n5zPzmfnMSComluH6gFcJmFy+vFkxB2uONowrdxnyiCALLngzAu/BXEqtyuIqMq7yvxNUUs0S4PcS/AoR+Z/ocf1IKpfcvuFvioSyW0Q2RpRMBshUqIQ7RM4qX6TVhlUY7nKK1mZ3lx1+Bt8V5qV8D4qH/AHbf1IJlE5Slaw80dz0g1KlbxKzCphJU0gyyKSyY4l5mvgpxKlSjxXzv87j+p1BGBhKhMwO8rK7hGvCq8ONpr4MVBjrNJqlJUqYlVFiy/l3P97j+p1FeRZMzby6+Fbx6MZtKYQrpANYLRJUrxXlqYjXyGBAT/O4/oUR8VeDwL5umawlEa7wLZTmBOFyoeCZjC5hvLsSnEqV4YOJbL8YlSpXwVKmPBzP97j8ZWS3PpKv5KI+QS5cJtKm5LGD5mOIiSzvLyxrGVc0Yy+os1zby+KmDKj4Kl+HwwlErzuf53H49H6vztVSprKrxUqBOJxAxAQmacz6TbSWUsY9TXWFSJKje3hWdUzFzn4DWG59PDCOsuEXdyjy3M+f97j8f3PzPRCEY+TwRqaktAO01L4lEIxUmJjab+HS4agRRtDGMO9xDRG2YTMp8Kjcrwy4yoQqUT0eNfO0/zuPx/c/KdL5GdwhTyLmCbeAqDN7HES9ZTK3iRTpEsSxgkEOsBzmZKFXLL+2wei16jREfSXTeNxFgEgNzcgzEPBGVGOnnbySoeT/O4/H9z+htIwuF+As3mcJWIOiYQuBzEGI7+zRuBw3KG6PWIGUclzMcnpDDAP2lFqhUc0vUgZR7MKz7cResestR2qVoh64lsRzGY0rxUfNR0lprFGpYRi5/mcfj+5/QiskVL8D3LRm8wyITdmldwC7e0BvY0MArH0mrVuAFDLN5qFqSjWaqKdzTd4zWZcDhmWbTtmzM+sV2Y+Bb3rMfYCE2HUXhlCNSyMfKPlfnHj/e4/H9z88EeXyEFmr41JarizD6QTUZXLjqjClOsfIB6sy68Qg6FdIeQsKzH2xdWdWC6oP5kNumJcDB3hX1HKY3jSHjB5prLvwfA+G/gqVH4P8AO4/H9z80EBElTBL8hA2lwa6QJQxButIHBe7ljg3glVb6xxDB3ig0+qEJqXiVi3hBbpaD39M9m8Qo3AKKQASoGlwEw3e8HPc4u7YbGW3izMqZifBb8P8Amcfj+5+aCPFeFVKlQqEymuBHV9J9HSYKLigvLNSZUFwlNYLXxNUR52sGW7mYuEYd5YQFT3Q0qODqabMvMVvyhNTJ+3hq8J4hpLjElRJUr4B/u2/H9z8r1aWlpf4IZIpAeGEJxg8QtgZcdW3lApY39Txjb6rFoBj6BC1i6hiNb1KyXdaSgDDUgQ0qNTaGJZZZNaBqm6bQXq3aPjZrUIyG16QqRrtAwKFGZ7T6o+qfVFdy3DK8T0s9LPQz0SvgJ/j0fH9z8mm/AAXXOFLcMrg4J0TpTr8Y1mJmoes29Bog+RWqVWk1elwZPZLHGDeUb6rpGaG2BJa9UHPHDBsBskLs01PEM+WiVoLEtoeyZ5n7YDaHaGrmV3MdXquWUagayveUsMzEm7mcaGnSPF4CwzFtvBKqOjzDdienwyjif5p8f3Pyf8rlAcQPEOku/clw2l+ovUueRjoItsTVcarfpEmZMZNIOYAaEotuusRY0M1vDcJaroJRNXPulkavV0jjVcgtUXpNDxUBhl3LlrvVULFbh0lizy3jZblvMAnxWJ2sJh6+CDL1cDiVFY+6YD8TvNSctdiDd1L85ivMS1SOBki2ZjwY7EdsaeUdYIjhKcYHxw+5+SBu4fdB5QT4H6yqahhJ2SXAmTvxsPWe8nKkd4zBkMmUBZ22QXorMGkt5TLyeJvOr3uFqqGOLiEK4TIShYitu8ELWEZS0lGP8UEXmtjgMwJNFcyiZ4PMG48JssBibgSotGI2EXvDUcHSHaYmm8yzM0Xgi7UQlJsiVpFjTxF8IPR+Mfc/JF/6socb56ceD5S2RZtknF2ITcHgAmWFYJFcFbmODvoiRwLH67NUqcRLwUSoU3QIezmCCkzEKfvKNjHMzlpY8mBxKYdvCRZhNyU5X0i1jC4laxkmQlxXfWhCr6QNmwayljYNI9U7iIb+JXvi7r8VF6ohynIitp7co3mYVXxz7n5JWvj9mHROnMlNQK4l9IlAJ6Kme5K6SjgnXLsChXmUDNQDGdbQj59CMBpuCchdIny9xJXoe0FjHGYlYHCXlDWWnAxG9wjz04lYptFu6pUyQzBVgjKc6lw26N5VOS8ZYbXuLlp7RiZ6xxwbksloV0imXz23w/weLs4f9O/j+5+SHk1T7Mx5nRm5aPZDjcTQMFqfSXKgBK50QPEOPMpbErOdpuK3RjOkq3OxqKtX0OIDdA7wzVYrFKUeMFRDvhmYKuLg5CXQGrMBenWU1WjeabEaD1iVOrSektYtfS8Qre4ngXP+jPWlu5lumO6PIx5mK5Y92XeYveOyzPqRW5TmYtef7fj+5+Tzax+6XA/Gh2mGUhpKOiNBfvCW1iPUwDUgdp0MOF9oW/wSpG521DLXcCuQwMEAN6/WM6JC8nLC2smsVBVjT1DXZQlFN7ZaoArEyBXujka9ZeCTJDHEoqlVpNDqadxRdQy9FB6lazdy+5RK1e0e54VaR1TqjP1o9WUbMGjaU8zPMYvrfn+P7n5JneH3Q5k9aHMlW+HIln/CGhR0EUxU+kRVV+kq2+0QHD2g8uGREsHtiFXdfSWq97SXvqQwo6zDgnNjM15xFM/tLFOus1lF1vSc/jELpo3mKWdIma3Sa/hw7ziIEelR6jGtQqrkuV1gDXEEHrBuhGFnVPc9J0/aHC9pb/5T/Elf1Z+NnJ7Uf+aif1I1/wCUX+lH+qn7Yz433PyVXo/ulqeqFNyeqVymYBl3Et4liCyKM2OeyYG3+xgIU2e6IC2VYhaLNPUhBWjpA6uYGWDMrTETRL6x6tIKqrNI9sB3iOY0jaORvNKFbSloXFCy+WDLrO8ozuUo3LDmIFmNZdB0ig5XTzNJDHDCrw+Hq8bTR8A20TjMcx7fIPvufk/tf3SpegXBXQPrDYIMZcxdkqmnaIdo8UYUjCOg67GWL7SFTRqua3A7Yjc0vqToHiURuOE5MqWLUHeYjaCbwdGFeVSjvmYBjk51gDeAuuZQ1uD9zCs0N48W5d/YwKDKkGUW4uGIqbtCu1vpAuX0gdtTqxumfWX29/GId01X2QD44Pufk3wcPul94cMLlLVmjEGFTS0n7xu8ZtF8CjVhqtuBzq5uHWj7k5FVtLhRMZ16gLgcwQzj1lcKRuPMykxC4OYeNpeD5g01lodhvgjgCsEERr30lWaTvWamUx3hNCCbOJg0ncqpn6InvuMj3gCPa5l1kM1S6UUb2wmrPrCo28YXfG+5+TX6b7oekxvAtqgNFNGPtKDOb9IrikK2CJ0e8r095XpH0feI3EutRNWszAzm02IyOlRpyxHTzE6TMtqrNHwgFJCi8ER+YXaIcaHN4TTZ7E4/allVOvv0mcT6wgjIzY4zH3IcZhyzKjqYlHbxkzvuGOov1RVu1euYVcUdqggdYqrcSo6TCmPaNKfxKGmYIrPjH3PyUF/D7o8pDiGEgeSV5leYdHgs8ekTuUlJWKjLZN79olLtK2K4ZnzrGO86zMeJMTBzgN06MwNMLlatpy5tLdKMYwn7wdFxxkbYBB4tcqKtoth1xLL6U1Z1PPMsDB20hnCBHuhTrMmvgE6pi1gWr4MsZMXqOZrj4x9z8kTPH7pn1/ef6MOz3hysNDPvDt94yDqDljtfeHZ7zofdMmj7s4L7w4X3jxvvMQWPNsbROsSu5OZrc3huAB6W5aguG0WUNUZZgFoBdDuNocyavK4bTLwmzRv1hk2fSUDdY7Tvg1Zr/bZfXU8Yj2PVucFg35h/tnY95Wa/edr3n+TOn943v/Z+Ulz/ALhws7Udg90eP3QmN+Pfc/J/ZPunpguEEBye0s4faWb3PVjAMDwYmOYL3lVuxVhMapTXeZhMLlgBGf1TC0wXb7WoOznOU4lhkWrHV8tdmIV0IrhxE7H6s1z9xDDSesAMEji7iLq0fWHsgusBedJxQgEAg54gxZz4JgFZi9yG1ECpXKxZPxgZNtZ9H5P0E+6CNoOCLcwaRbxE1rHgmflHmuLHLBEwixINIqVQ2lTMPNLmQPrLtQgeVsoFyuY/v6Gk6cpMtqv1Z6ag4R9IekL4n0YVwwognPh6iPadkvcDmId5dS4xxNbphdQqaw1zfIHGjoWvkXv/AFbw9LDejs8Xwk7uPGT0x6s62HdDZWDijeCvG4+kwVpozuxG6P04sfYy/ssLFH1lEPOFxNJa9IXxA38qNcwWW8+Ds8OQmOJjgmHUiOJU+mDFIZrf0A1D/SldPEnKDG8Edk3lQHFQA6lnUsaQA6wvUxYPjoYfRE7hrtDLaX6Uy5kEoaS3lwlGsCyxvKm8zjGHcnSN0E6E60eNOIJ2zPrO7yG33Q9Uzy+Nd39BkEQo7THEarQhg0JfRB6IJxBJifWHrPrHSBKPDolkUPaZlwURtFsW8y4sxcdcRUVI1iNVBZjoktyQecOSUS0uKnhSUlOfA94rmLLf0a1Bo1nrJStSFxCVh4iaSkY7IvOXCwPOKsKy3mfRLaUQqXUyax7T1S0XwDbx5Jgnrh2lwlmsZ9U06zOLcGZbywfLK8oNtWxc1c08f9Ls/QCXYXehJ+fT8+gf/dPzyfm0/Oof2KfmU/Np+XT8mn5tPzaB/wDNn5tPyafl0/HMDv7DPwrPz6K/90zfzohx7iYP5kbP50/NJ+YT8yn5NPyafnU/Op+bT8yn5dMP8qfnU/Op+bT8in5VD+9T86n5VPyafn0/KJ+bT82n5lESw2U5tf8A9XsfhsjEhbCdlB8WRQ1YYA6p2lkdIYw9pZ5sN/AjpLJZz4s0uWSw8WSyaebrxY7y5K1TLLqWEcYU6vNLlgl0JfgUBRu+jxZLDxY+LJYbzIOrDHcMNivJFngRll1FDX4LD4qEQPjlAEsAe4n739oL901a9YDBDaLUwYqhMwJAtLb3lWIVL3o0n7p/E2aQ9mFVy6g5XneGoQCwOsmXHRqyHaWN9IbE3iBVgPF0ROYOU5LznzOnbjAAOadMJbsC2kG5l8/YLB4aJaqjWdISCiC2Pt7iOQOxqekBn07Fx6czQEQG0BQVxEocXCZa2ZbxtpLx30TEb4FKyN4ripSu+qt6zCOrAOMM0Zu4YiVBbvmVtSKJavUxEg8FFPVZL/zY+yVIVpnXCjYsX03GH3QaQ3IfUCpaCU27d4DQMPI7T7QDAiW0ZfuWv2icwcpyXnMBQVxEocXFAG6XOarkgDcFtODBY8/elrrTGxN5SKBoQLiCGpC2tYQrwMQi2BIFahsXpEXOGb1o3qUCqMTSky9PZnMw4FoAUu8xulyxKLbEffgjjvtvuE2ynaAFLumN0uWJRbY+E2LGbtrfT2m1It0MLL7yd+GTd4PrC5zIvU7h5q3G2WAHUrNS4TIX3dSrZSzQx+8SZVq6KTfu9/aLGt/eUAb2Fi6cQHmnLhD1sKZxbBRj2RTXv9feOGNljeR5vmZW1UW09oTzsGeGFbKirAkCOwpJaImJdiBNaQ8Ym6Qz195elRy2xIHVXzHKo2vH9SygynZrjMexV2WKK4+kQ/GKHzXEuv3tTNxzXv8AS/SE1/WnS5VZptgH41Qua4bjqKlleks1G8AxfCxZmu5iKjeUsbi6LiC0z7m59YDzTlwm6Qz195y8ALZjW4/VCrdDgqIQnVri4sa3e6IKausGY+L0byZubXILWaVmZrPZeF5mFuAZejM3jkTapiz7Xn/lQ7UlW6ndysrDalqy927oWza+lD9SVbqd3KysNqWr8dqR2FEvwPeabK3Xi1I7Cj5KicSh6TRRfLml/KMFBUL88p2VXxFAM2avx7bCY9WvDpTMU9b/AADXMQjp+Rcl1T9jDnp+0u/ePMWx+lw/bzAvorhEU4VCnmcLubiv+wSUeZD1t6gUIcjaOMsbb4fT74tGo6AcplsllTm03G0XiDW9/ASy1luXUmSgHUQ9kyA5BOTaJrGy/Dw6svUKx2esJtT1XQ0tYVcbB6ssAAchrlzpxMDLuhYu3JKcfrs1WLUNVHLfMfnIOl0QWRNnG5eWMNXqHH0Ihcq92MNXqHH0IhCwgwg6SiV1FUEXZcyfxCI10VLgZOlV1iZVl5ZcjrmNWtQ1BlV7MRB6uIlsd32hWUYFHOsU1fqXX1inewxpCVFxe1Z0ipnS4wXdySjVyFbRxcuAD1aa4i6Ag2bpe8aMNNH3hnnW/JyrFxUhzx7lctR0AgKzql+/2zCVW8L1a7sYqMzbyNJclPJV3ItlVSYq7vbFdE4XcX3GG6cC95pHdVFdFRKFtp+8LkYJl1WJC0VEVwxUN/UBW1+LScQfrFTdXuu7uXbsUjWSyrBEbDVxJDaULnfVmL++l3FzV/8A2qAZk2eoxu2qtgPoSqiuA1WEVcQayEVDbl3lp7wAbPrBBLO3VmKx3iwGx9YdqvMcUqZ8I9tEXOIA2MKB9a1grIiAMybPUYsrGlNFPQmmm9L2vibokICJ2MQLVVa67cTic9AC98Q4Y8PpUdOheBpymsG4Sugc8l6TT3KINwldA55L0lo9WOoxNJIKAB0ESshUQ34do26R4fSol1gVfrcDVfe0N2e0uSdNADvG8pHtED7XpMXyg86/98Xk8CVdVA6tOmsXw7RAy/OLH1gN1tautxiIgD1BiOaVDQobv3momygRPRgDayW6zrF9XUczgccytEmDNnCMEoMNrpUFNgAuGICp+wzdXP8AW6hs6qhzZUAMmDezu+4FNDI9cxarWgCAgmHVkDnkvSG98s0xBdZL6RWDSWbw9xS/jJ3QWsuVUJ/l8B1qYPZr4PYU60+Ll2Chbn4rpj1dVPR8u6Y9XVT0TLWSts68oNwlD0+Tje76ekxJVD7zBF2U9Jjeq6evxWBKNnbNY1BS98yi/wCFaSya9ECNGIgylDtnV7wcgGJ03vvEnNN6nZrNuHLW4FqD6DNx6riCpcCmEYewei55+8ZoNVTliNdKg9FBhxILBzBPUWuGveUG7yG0s7lLk02W7Mb+qaekY1l6hNNMzqLKGUNXkB7Ncw1+WlHB7Y3RSts9XEaPvP8A0n+eGImcxH6b/iO1LGKHLG8XlpdSEpuFusoZuPrN7LTEEQ4gmQRdtQTeGfJX8wdywpp05lrMPXqbaY94ZNt41Jbo0Vm8S3jQa9AVxMP5l9XQTZ9wz7yhsrA5rUykMzDKsrUXTAL5UkvoLA1uVKJfhWkxDNqLS+O4VZgU06bZxX1Hj7wjrcBSf2n1tvRdVxCTEkqlF+udpl6KGTRzcK2rj9US6Obum4IY05V0GaIA0jMwRdlxgtu3nCzsYI5cIBuJvZcTbYq0K0qA0+U8qNMSvsgpcNZLZggOIfbTEqDfke4ewei55+/wCzurzfWUkGi1OWaqeJpK99l1G2tot4MJ13KWOuuG7qxjtWlicJLnUww0gB4dDROLiJKAtWbJGf3H1mU4W1F8kcCT6rO7hYBbQqZKgPtDFylFbUpZsnDcVWsGTEW11uGCha0asqaon18RK/sNevrPQaBQ/uNWYmNatll9EUku7XCSRTUwkKodQZnuZXxbUXyRQhIqm6C+dYnBJS8KuLi9rIXoaiwd7xyIMUJ2XrED1GGwHa4Zmgo+ktGXF06l4q3uAdhlS9COVlRQFXBG4vFNlapA3lWrQ1vLHpXLdVzbNYK3NVPE0lrqZENRN4MUJ2XrNVPF0gr0JY9k3bt/YLlQVBzSZ7NMl2MLXuugvqMuyVV8kg8bsE2rm/WUUO4PNSlrNK0WlNlK1U4XL5uNG4rxXa0QyIO18S3T8p6rJC8kuFPoTY+fIJVaTEHORQf8TZIz+4+vwU8UsMF6/JWvGp6IoBdbG1+aztkr6/qgAoK+dRa1l+Ug4YAYPgFqGn3YVFL0P3OY3uDR3IL3XrkwjFU0dN2hlqZmumuHrDYmocrmyUO2uUx3C5P2pkmru/6JrhpqdbHWC15rWlaXjMx1XZHioxNyOv8A67kQZvZuEoQF3IVxUunYtKot4i6GNXpNB4BccipSJgxhXZ6heyd8h09ZZMCv6RpcYbHjicb7jleJSndKZwxUMANWwt+I4Ln0YPdRK4DBVV/7gCAThhFGcBX/APrk2SyWSyWSyWSyWSyWSyWSyWSyWSyWSyWSyWSyWSyWSyWSyWSyWSyWSyWSyWSyWSyWSyWSyWSyWSyWSyWSyWSyWSyWSyWSyWSyWSyWSz/4siQA1WCAKLE0gJo3Gya4xTTdPH6BalafoC/aVo+oJ94Iln6LrLeWa/W/+9/oteuVlf76w+ErcF+8foL3BftL5GF/vp+hMH/vrNyNn7P1v/vf6LXw2h/Pyy2j/P8AQkaScndgAAYf1imA1FwHFLGIANjjSZRLRXH6C2GhviYMYje/2QZzG1/tlMNjfI/oUQCJSMqbou+p/wDW3//EAC4QAQACAgIBAgYBBQEAAwEAAAEAESExQVFhEHEgMIGRobFAUMHR4fBwYIDxsP/aAAgBAQABPxD/AOEFlsJWFvDmFCqg5QwDZjdP3Ikb7fUQWGXDQa0mtGrboJYTCQSe49LQkAmwKMYXoyOoiLrK0IECG1IGooC7JTmATNc3buEleqC44oaqX2OIYfF9n05hlagt8v8AMC3tyC0JRKlgr91AKEl00u4VcJRT6BgzgveUHDD7iU0rtv1JXZV++DmAs8SwS8hFBzQa821bXUpWyJ3Qx6G7GyCB8BLxQs7+SsPJ5OgjdANyaAHBGsyFO39yXTqm10eYRlDQDbjL7sc6B9DKZvpF7r6Z1xTmqamePvFPcPgDQO0goibIwSkpKBYpWUJ5vRFpfIDyxdOBV8rtqA0j3l+z/NEB0ArJCFRw3DSFRcorLZWH7QYeBn/B6TZpVOBwexDZ1YtfaE0ZaI5b4hpOY8mHtvEFhrdWwF0wvw3EyuIu8zlydKVZTtfkhIooXV9yd/dAU+0wReAL3VFBqanMoaamXw2rZDWKbAAv6ejFEbShz9Z5MCg40wH6goiNJKIpiNo2rb6MK13XoJW+Lp/nGBhVT0JxhsQ+BQ4eSOUtAfYqMrQrUOH0LjQoQQe851ld83GUVCggH3GWIFtmYbsFXGbhzqit/wD0Z89ZNDtjnWpsievmIms20Mvdj/AW6xb+OIHdMHQOf6Lqx9iguW7O2r0y4OXPltr41Y5cyUMyvWk7Go5CmrGZiIpdws4CI32UiMJfABFErY2BiLJoiai3ChJ3kiK7onD6W1r7N4KxD2xxwKuElITZLCStjpTMMK3XDQYWQrR1kiXDKLlqEMroYPXlM4YHcu/JVjNrfjooCElITZLHavQ9jkf6Jg4afa4FicMbPQ+Ro7I+kQo+rLphApvebzLXFcJPSpjGP+J2jouBn2jLu/5hmEu4EW4YqAaUAF+oA3gH1w2B6H5MJKC6FwxKq4tvQTEo/SrDE1KKXR77hDBAdLLJbxuTGOmPMUV80Qdi+tpGwPQ/JgoSE4eFf0XXj7F0HyDSNTboxBSZQdwSc6SpmUSqaq5r62bgezuhvMUjlJ5bnNa4sYbPhTTuLPN0u+Iqqu2GfrfCwAiI2JhI2Guq8/eBWgbA5uL3UUx6wNgaSMbEV0yj+1Vs8U63mvfcInYlN5joCsvm+42Guq8/eKqq/wDtnjTwJ4E8CeBPAngTwJ4E8CeBPAngTwJ4E8CeBPAngTwJ4E8CeBPAngTwJ4E8CeBPAngTwJ4E8CeBPAngTwJ4E8CeBPAngTwJ4E8CeBPAngTwJ4E8CeBPAngTwJ4E8CeBPAngTwJ4E8CeBPAnhf8Ax/Ws2bKy93yDyOIlj+tChVm1AGbSLXKrgByluosCNAjGAmVGAparKMRe/hlQmXAFP7CP4I6KhTwQ2gm2ib3FWkhbTsKqAYsxaT4mA01vSzRtgWOS0LJQwc6yhTWdwQrjhsRbjCxhVkyEWYUc9gCNbzvZEpkuNSc0Rs41BlL3dexPDB4tzY4IpVfOi7CEkpDoie/9PQ76H13s5MWN8SkGLwz/AJXSfmZA/JzuYCgQMrPUtyXOQaViXU87iU4aL9WCfEhWhpYiFaaK0Fkp9OoUHSwPjmHTQGvTzkrEB1lhv2DqUQagLnGjGyCstVQnpdxGFCg21Ft1IxD3zPQkY1U0f09s6Q091I7UbEKdWECrupJ33H2B80VVdRTEwzIvOEr3+IS6220aoowWIFZiPvtE+2Tu6r3XoUvCKQaGP0jaHb3qakMJo+8YL4QU6Czgj96SEFduIkIuqvZAl7Emh82oSGaGoChmMLNxWqhy2oFAHAE74YwsAAAFAf8AtaDWKpVI+CGGGE9IYSQjQSYkdyzJZqCR8aPocJvmmyEdv6Ma6y4ot3h9CQdIPcE3DI3S6NReW739CShcw1RBMHTKczbshjTEkjJCy1ewpRJq0WSrBu49BFI6+1x+pxz3Nsem4sxboJIX4IYYYVXshxH+DVR9KlQIsHxLnDGsPGKSm4U3U46YX4lDSh1KUS0XhfUGgYV6xOZHGrnN+WP2vAwcAypzWOoYerVH/YSzC73mkxlJFbSlMGcd778f9hKKM6GKQxFVbKjKgKFTTNhFFti4mZcWJcqMT+JAqkCJiBKiQXqZeJSU7Q6x3o3dMcb9AJlLnbTPZh2l8VAQjQalDNE2VqJNZdSjJbmMNJiaIanLzHI3pjkPNwFADBohBdTr6RCCmoIbmGYyvUSvhH8IcBQh6EfS4Ul7CcGkczKYaltwcZ1OYhy4feNoBLLdxqkfUIrZMxwI4QDhKeIIalqEqeWGS0piL1GHaUuUdzFqFOoV3GiIS7iEthH0fWoVR/CkbSWegkUly2V6BQtQXLDKdwdRiDtGzAwEAG1s6mDu9HUIoLYg6gYDoEwMyxxCsw6l3SN7SllJc4loKXSrhJPQRBzGcwGPo+mt+mEs/wAJjbUTEqVEhAIIu2K9AKYBlBcTgZf1SoECC7mKF9tRJmxgRyUy1owNYbv0cIEMNrXqCHr10QQvWJaJUrMrEfS4QX6KluUCP4INcviISCAjOkQzAzUsSSgnEAWLzBTcMYC8w0pxEiEWhljLPxMc2pPdRCxZmFnqKwqpbslshS96sMs2JSoj0vdx7X6CuY12xItcBEDLiRlmE0Eu5ZOYwQB8ZCpi6ANq6CB7WODp9bPktRGrjr0JUCMHpyjlYsLEGoJhYWlgBktcoSq9oD2iBRhgyjmAM8Rowwsuo87uFKMIARtepRQY2ahkgx6ZTAIiA+lrMsQlrYbil6ajzQjAMVdVGH8fGatX9YK/v8tbywgeixMxT0EHpXAIwLBUJxuDuO2dRacRQ90V5bJWuGi9o41AUGvRxy58QCsIPIa5qLvSkLNA4jJIwOI6iRJB5ynpAc4ggmMEU2Q9AAGoej5RZWIPj4/A/X5V1xLzFmZQGrgqUJXbKZbqUTMuJU3KMTmMFMz0WOIYqV0lTNMcVxUaOQ5iCmxGLXK2U6FwBwDAipEjC84rFdnsMWhQ7ShbEU2pEtRCTgZ3MBKgivbA3BMI7lgubLKrK3EC6jliBlo3Fb9DT5Aj8D9fl3S5fp2waZmVLlanEtNSzcArgW6mpcMWQ3cqh0EJjgwlhSvEZZ2tVLG34gtkTFhMo9kI3cr1Ucc54qhpLqU8e2VLE1ftGoEqNx6FQamMokdMMU8iLOXoYEEHoZigl2LC79D8gR+B+vyrpuUegTMCKhhiHEJlGVYlKKucXEtriXpQJZIGBiDlnkl2AsTKufxAAW6bhOXKDlFPFiYlVV0UB3Sm6wIg3dAhVHKSNVE5Jl6zsRACpnN4NVnoXDFTxNJLwv6kWRkO9xZeMQMy0QDJWojqCJ6IuIFiEFVbKCeX0nX8kQ/A/X5Q03LhuEIE3Kj0Zd9M1WZYUItxJdMVLuGoLH9oYPsTAaPSUKyvAx2wHWRoQMAQ0aCMuqQqUuFJtxh7S/KXNYYJ0yNIq1nlRT+gzS2Vl2Me2sOmDGgDMIUqLK+8yAD2Y93ZIWR8rcr0FMSXzGfePrCxRPQ10IPfoa7jAh+Q4/A/X5lUlzfM90UNczOn1E5YTOIqLmEpUBgpSPvLSaCsC2ZsTLGWjKVd3BUkr2XLTnNbUuKmVxuXNOW6hxadPLH0VjpIFICuiPGvr3DiGvsi5Gy3iZCU5EtavpcoFaljgsaebirIo8TA7nDkcVHPpMiIzweqRyh8A/I8fgfr8qqegZi4d4hA6IpKI3AYKyzpLAhoyzTCfUgVYizE5n2I85vXAINAy9w2kHCCItSb6xyLlbvqXjOvkQo6XKkUWhrTLKs1BAreCzPlnK4EOXkly1+YQsQMsY8kDQ7Y1BkQzLQbPEYcBpHRCNlQYS7ZhyIkZ2JGK+hbAlET5HD8D9flFQlSmomVfoy1CF3AQgQLKd9xdm83iFLK6zB4IUbGKQNbXFmhH9y1TdsrIEqUlgtxFNltV3KPA6hLsCbGEywN4xAEXMg4dyszwSFR94FYszGWRMzl8wWVAlpxG2QDmLxF9Rz5TrxFXz3G4wxgyQKIVQuC/QYTqKlpXojG+Pj8D9fklY4eKHimLiHgg6io9RViEG4l/JKOpkpYLWY3WpLJYGaMkPR9DSoF/G/EyrzQYDNnV3rJGU1auI3Rcssz2vWdReyqyxvMWmX9CDAsbjdyxzZf0lD9ARHrhbiwB4XUKqa15ke8TztmIVxaaYOAvKqlYY1gdjTBdCrPfmoBBtqYKtLVr7IvX2QfX2TofZFNw8yeMF/6JeXkiPVHoYfG/G34H6/JXpJVHEOgh0kwXOhf6RlgsKZVmLSPZGDBn0JSObHlsh+AGDlcO6LsAhFF3ASxlfTWoRHst4ZS1203xBz6utCIOjcL4gYKyYYslgzTfVrEWAC3RDEbe1SGVTBEoVsdREu3CxPYFDxFBeMCzOdXDuIjxARmDN+QtEztA6so4sJfJ4iuRfsQtYD4NwCG7Nl5S+JB+WJUMFtJVcX8WX5iljcmZwYydjOtXxl+B+vymLp72AmINkX7ZxUboJz9caFDL+H2ia1ilAmihuBV2EyyD2jTUDT6ypQWMyXk7IeLVanDD63ld0Q0KJ2F7ZRSuNeI644M7i3cG1ofaMXRqc3CwFtDbca1Rmwb7lrd3yCMzVInbaqlvFS2KGw0xceaxSFc1LU2IOwj2wfgiQXmmB5ieW/yE1CVUmzuGU1C+JGwOFZ4IK8IKhoTPnowsMQCFSAakpKEhzGCDd0axfb0YZIFYtf7b4/wP1+SeLU0OLSxtG1j8w0LZOliws/Wcn8mHMIlwg6YHowDRhSIy7B9SW5owhRooh8tOkfwDAwTNQIcMsXp2cLlWIwFaEEm7oJw0IT2nW4xVPBVaQ1LqJaPtDgVo05qFnYd7CKMlwPYKjaj5EktGF/ghemF2+IWjpVjTAara4DGlS2fR1DYYZXhvEa0sC+y8TKq4AireY8iYQLvyWO91ZfGorkhJgokGThIrDB28OzYxmCIBfvAjlHqTgyWUAfofH+B+vyTnGrLDMoEVX3g7b34jhbXbA2ZDyY+mkpqnbXimJJCPlikljcZBL0Fbdz4l86LfGWeOF3K8q5cMMPRq9W7gHNgeIwGUuYqoCnR52oPstqEnkEsikYbeUZGTLmqaRCa7HKplIHsKF3F5fOGH0BxcV5LUSPAK0HaZlc3LtRRmLCKwFqKt4CEGAx55HXN3OvSeOSQ05SMqFTXku+Yiha6JdqKbF5xufqfH+B+vyT6X60CbhShSc8kJYnOJcSqbqv7MOP6owLbWHae0E2/uRJkDmyC8n3EIBRfLBgkm0y4xeSRSRUsGVx6aGCoFfNhTnRWZYq5VDIzDvII0RUjIlNnZYUMmXRllR0JkweOc5o7qeYb+3JRzLs5C1FWzgwKrsY3PTpYlJtCCAiqYBmNandJSA3tfTHQTvLNMkrUyrEvSj0J0kehE9LBbnZFLyYZXxX4/wAD9fklI6Pudylm0qUFvQUds9yA39yQlBzgOo5yTsIVgWLBSRToLC8IjJJaOKbU2ZQ6FpgPVK1cqiLaitjN1fJDVQDZJayirgXpy1OY3EEMBwENFSzVAlCQFRlwa3HvB+6LDbKokUoyJLTmRhCRL0auKarIqCbCLXEZ8s0EGLYvgTG2uLl2GyDUDfIlOP3imz7yV1P6wsoV95/tMTn80GKwGATDHejmn1gRtCUx7ZU5mJ5D9f4/wP1+TzJa8/4LD4E/VDfD2laH8QwIfM3FIDIxlHMzS+TyzDEv0eUWIpr7TC0fnR4L+aFKjt9kBg1iyBsCliFjiVVGvaDnwq6IDGcsB0Mf12NrM7lZJ3RGPIYgSuZ3AV3lVkAv+0Raw3LimmnEKsb2GqjEdDbAQiqQy7gbNaQDlQZQz3mAmpXTBGNcWlQ4TVx6mtbTENkXVx1D7R3hH2iuhOWMz5KRX/JHUo95wDOEsvzCHUCzV/eHOvw34/H+B+vyoRQaCYNkE4kf4Uy1Qh3LjdHTaVRkSrEVcg2tpRA+2H/K0soxK2hGRyM0nh+QKiVlyUqSgV7HKkWWgsy4GGVzQcXuCao4TUSF53i5aVSzPRhCNra94eBz+oOoBQcxMTUqy4gD7kiW1GpZO0YI+CNXLNPc4IsO624hE3NsQh61IxetsIUqYVK/6Sj2Bm5sQl2kvIaji+JRv7mWcfXc/wBwxK4lsafT7GMH2c/yln+z5zvv5/t+f7vgLnE0KNI+P8D9fku8mus1BxATlAy3swcy4Ioq/pGyGZkYgLd4QXTeYKt7J0MA31pEIIYN1UYHrYjWd2Rp9Z2udkpQ7BuoL7XBKIcNQrnOIzG3bGiodkoBDOuJamc6hLstCL1w10hcpfCA3mxRrnixMpRVZG5XK2BFAK20wQ2hjEiYjhBcF2QWCDsZarMBAf1iGhD3wh8TdusRuCKwt9mW0yweLU3mJbc+8XO06qZEUjcJfpEZVFeNvaXY3l8Ev+w+P8D9fk0Yal0h9IMaezNqvCqbwfqMtQHSbOX0nIKgRWxuH1EReETESE2HEQpstNEPBLC8pUUCyhaSh6EMELHFUb9iwnKdrc9vpUQxmLMcoFVdS+hKLU7SMlVLdM1ADgjKQqEqydShaETNhluyFhONrAyoAUIMKUNSNtWPEaGtKixWJ7JcAO5W2/Eer74iYd3WT2YC+4OJ6531CqeKRjQ+UZVP4RY0F+Ydv9k4t/RFjD97MGE9xlonvFEjfrofH+B+vydsm19oja+8FrR+8pWFHBGnhxklgW+iY0RHuqe0r0qMZKyTJoejZ6LmdEPeZMxqpbUN9keboHUmteJBiQYS4eLDv1bG4EyVZhUbwTIVhKZjQzBs7UvA4d8e2dhAnlGW6NTK5Egg3HNR36FpcAUo1TqLRWVG8n3lFRqtGm4sCBjKMetKGKzqhlsc5DIPxEv86b8v0qHzC2lu4CpPrTDJ962ARWZUQkVexFVVpziV/tqSmqfH+B+vyWLyKh0PvHuplIIfSLDZ9oBNm+5sGlzFKShW+IXpBrMFiR1K/f0MGIAt/bAkVIPC8Wskuntx/mmMYr2CRbafDEvI9MS0P2TLcjjmCrWCS+5ifxSdJPslQfkiN/fiMBuNQuEva0RaS+6NUwvMwAb2D+8sUnll4dtZyMvBXouXMFQSgsRcWE8EseLSz7iOJG7csfbV4Wmda8ATHre7BxaviBqIVpK+amLVNGpmf2mCkMMyWuyE6LLlhxqTfs+P8D9fkr8r0icDyLgNP3ejDqwbjOnCmqnnnulPaDChVkbrUqHDLq61GvJncGHF39GRiGWywdVMNw1o1ElgHLAJtTpwx3WcMcAZhcCY7cELd7S5lAeA3HevMRie6xgiOyaKb8w9eaBuN1VcVPeV9sraA3MR4ahitSNDlZzDjiwUfYhGu4rDEaQYhx+8o7N+8GGP3gf+0Tt2aC3oItVMwK+o1NcPhhir23BVVf7b4/wP1+U9LboPrgW/tU7Y82mjf9WO0+9BafuSxp+6bxX1Tr/umT+9l3Cvr9CCLtI+/mX+7Bre7vGgSNguhzETgPTODDRUTDObclhVrbhe4+kzhmRwol15fMx7rsHIQ5ELTWoWEAxWripoWlhCrBh+k5Y19TrEb6awIqFgSxd6igGvA+wSlPswVYfBAHLTtP2j/wDMzjE+qf8AFQev2ICZ/qhu/Ig+Vni8uKx83hqDjvDmH6o0l/ulbLfVgSj9NZvfcpRz9xHctOZ6/H+B+vypoluj9YdqNNX9hK10fRE+V7pCpsfpGqpFXcHzBQpL6MvuI6sc2XLAVKawKzKiJxkhxCdujk8ynaZk0vAxHKBhthmejuFF0lgoYhintYUdMoltRLIcAIoYKzNmPgeJ9gJJgBPRILs9hxjRPpZCqBzSRUPaWCIYYzWnAROAgXQlW6gp2ty6uky1aPceYncEqVD0p95oS+s2g9mHbMCl0vBK1Zjav+x8bsdj2hSwRLPkVzOJul+yRJdP0JRlH6EvoqUlW+stlovBHuBKMxqeNgR2we8vtzMNOZyCKmFPUDXH0jxS4RfDto37MTZ4yuD2YfUna3GoVWlHFEzQQjd8Ep8KLtMq+YcxMkgtDQSyyfLQvxgHETqADHGo8uB3IQrijtUgnSJJRkEK+8roLUtFqapRHJi/KLyRMCyV3LUVmIBlAGv7L5FGD+mHsfIYiWvLAd2xLVBDi9JYFiE/qkTr7ioJqAHEi4mnZIS87uC7K9KZcmW/ShGHAX2E6cqRUVQXtkc5snlRM/F5U70YXO5Z5lnbc4cI7EApnAKu9xvInSoDyi4SW6bhzoj3kswwJ0XCqoKtyVJJM4qjZ3PrABjaB/3i2dXNA/8AW/gBT2cLAU3FVwRmiQDdX4lBgRyBFpgV7wDT+UJzIuKl0sWKgmhIBpuGmoJ0xiJXV+6B1gHYe+oFlb+IjCZoPpoVZW36anMXpliyknTHvM5pmaP4wpxf7QGF0r3N/wBqLunDmaJScSFhUMgYV5bcOPZIIbRpmVwzG1qd2buo3b/+T/AVEhGkoPTLImQAwGHTxPAS4ogE4kOjO5j4Y02Er4Txkybolmox9pxXmbVxFZh6Z78HTavopzsPknKCVhYriNOnMG0tExVS8xX0VDsM7hBOSLTiZ8IJy3Gt3CJ4URyGV6hsXdxY3Hd7/wDl/gOpVbsiwNYJJWRJapIgYKnSEPwSncSHN6fAMsMZeg48oy7ojzIi2UaiaBL26+0WHKCNoJJnDGy7xcIQQ66RTIzeJSuANjMsydw5m3Uci4DtG4Fihgu5QdJpQRqpYiQ1ENmIQCZl4CPYmgrGXsM1Mx/4HypsZqJ6ISynQeikhmJrBS7inrq7i+nPJAdFCZieuOAzinHpVYZUzckjGBWrJVb1UGk9VTTXjivp7Kcnooq9IpJWGstJqyUkVZisJOaa+lqLPWWkFJvgLgP/AKuLFI+lncESxGWRAtQO48QZOmo6VCwe5fpYpZZsmgCJhEzpQsEUEa3A/hUbRtmCKCWbPVoWC/QC0MyVZcEUAps9BFAs2RDaEaFoX6IbTdRBBS3RFBagSzuWVcQLUD0LFBqYQnv1aXicgX1EFqBA2jC3krnCeL3V5iAtQIIxNplNlSVLIIoJZsjQtC/QBYj6CKCNbjQsF6hrOY623RAqa/mBZjm4ggoLr0AsRJyBfUAtAetlXEFqB8R3DXUm2Y0TVgG6cpP+R1i+hdimmVoIqGsx068NPf4zDH8ypacxRLUaxIQ0Z/1u43mCundK2DCXkTyQTLBRsC8vLti4fzuQGAeEHMPpFr8qiNAMN0oxBP8Aakwa2t6hAF59aQyDG5SZSHfW5VdRyRGMDNxuY5o2XdQ9ghOISv8AG6vMi0udErflN02zK5ptFKtEVLZyhL9jhHjgEUu7g1mkHRcnwlvmc1pgbCIVYpiQLoiSj0DG8taYalQGS3FsBP8Agdk3XM0nLGXLQUtMMjW0MAmJYCsqy0hKhSmg2RD6bV7PhLbA6lOJPzPiDDWojSjrWhtD3qRMimmGEXHdUWc1VS9cs1ZdEdDE8mHkZLlMxqRj1ngiCf7UmDW1pfscI8cAil3cNzJzdFUK9QvuuK9WmG+oCsacwHsfWrK9qiRWGjiZ+yPJZijeFOABOZn+BtAoaT2yTiKFFJ1B7kCEyEe2wISrG97UHWKstYMoIyZxZOp+iCtwPuMCJ97OS/hJcUo8vCUtYMoIyZxZOvh8WVtImRHhISYEpJfCgDMcfVpUhV6UZyQwS2y1hrPoBvhnXb2uE29CGW6CMQQzsbEpRTbMKW5FhSNiMQFdkqCRg0ArHsFhYOrh4soNBQtjTMHH0FLu7yrUNQyARoUoMyuNiWOmBUv8sSq1q6BQljAx8MEaI8QSs1lC7kYAVwKBzEVMhlm3WB17tjoPQAlYQJGKordVKfntuo0C1Llo94YlHWCk8ViV8KylDWodxTACvKBzGSY7ZLyqsexc2KKViFVEgRrtLFt4hOrcLSlNrIWO+c183meMzbbeMSrCOB5FiJKj8LzVpE1VYqA3pKCVUoAticyrcUClKmcBghlsMWD0Mr13oLxDZGv07Ipq4In1QAY5GAStoB9LCJBFeRLZgth/IEiWqDcBUYZ0tog2KX+WJVa1dAoQ7imAFeUDmC5nCi5tvfK2+YF20ACX3OtezY4gvHQCmhQAzM2CinpdWXzUCzAutdjRDhg+fW1s5iRWE0U5VEaXsgYCm8hALK1hdlAZTU3ACzKGXe61b4XBSa8g9ACMZJktUcsNS2q1b3HWWx8F37wQmvIPQAjGSZLVHL8Y/P0waWlz1EKajL7tcR3g9pdeg/P0waWlz18lLJTZybxGCClr+UR/4rFBLsr56c0p0lKX8VdfqcLGsX8bAFFs1dfofTAFFRUYd/AGXhg7KM/IbSEOc2p+zAtLFbwP6ukWA9zcDB7Q/wDR2z8THPw0JTNhlg1QQnkkk/XCXANF7lMbuVSqy5VMZlsjS7FYewQJIp941C9mOPtTwMj9VYJCarCAFUbuLcqVnBuXwNCW6IMCNbrpqCWJIaXdsRNbKVZKwnmiiCgY1hVfZDL1dZdJcLBoWIFAt8y3sAbGQewS5ko6ghtTwqIPWOrIPthKMjMYOAKLqEngUEFbWckQj3JhsILKsRVichHRZBncIkfWxplJ7YhHRZBncIkMMqRv0sd8wEqIlUSTQ0hhEBECoLShhkux3Uus0aSqUsxKrjBtUiniq8kETmBhGiLdFI163aFGQgzPCjtlLLCgwXYyTLMeYgwdgJ3bMYb477BBGotHQHAsOdSmwlrj9LjDils5j6gpRp1iymqnZ3DoiQIYKfcmJYVdQ4eI9xjubhc1X8hFPrgYfWDYBEInvFfELCQtHrmwMf3MMorC5g2Bhk5AzQ9M4OCWzmDLk9aygBjzktXLvGY8GplsGaD2KoBbjgiZ00HxPxiZCpXXIV1Ig80tOmIRTPmUwBzF91JbY/pVeytqUizcVVyTCgQsViuTl+GW9HZSKnQIN4wX5ghjlLw/swJ1XyLtjoTxtutRdIzHFASyY5EWgZwWASpDgA2xID6Kk1wEHIQjk1FeIG6CPkMWCWgZkVOVXUt6OylueKCW+K2DqpcM0Gx1uEByApWjoR1j7ctqYBLSS94uCqFsWhoyuKrREMsLiPAJYjVumHbCgtMLdMsbY1bph2woLTEJRiB52d3ySsYJwrfYZeE4bTvcXaAsqyPN7JZF4rpyS25wOgLAmmG3XVBHFgZi7/RupCrQbQ5pYAWrVPocS0LohQjsjuMNVhkjliVeyMAbZZfMYISp08mEUA0NvGJpCsNcpGrFBGUpIIUCUFZLgDHmrvnYwRtpKWuBteGJmBDhbV+1y+hdMCt6BlcVhLXRQYA4JRcLTOY/2jiUVmGgU8E0DcTWBONRC37YE2aDUWcwehTSMe4iQFm9Rb/SQraC0ypgFF5XlXy/L2lalhcCaeA1gl8MJrF2+/jEdY6QQUmmBqqKfAsJOKt7vgYVV/Pzy+KgyvMQq/Y+JFt3iKbrY/LRbd4im62Md2v8naHqLQdgzZ+SSDCWl1uoRlFf1S4CVD3al1CAYC2qt18WUY/0hAMw1IpUPBKmNy5IxDk5I9RIFcABhgrASUd0M8CNOgaghj8sIgAFeoREsIbXIsDBOSX3X5TpLL9CFIw2RWL1oAwLXaEonq8r5LGq5tbA7rscwUdRKFLFymyEKHGqbJemPEsXTaI7gEMCCM0EZjCgGHlGWJVLFM4YvJ9Fg+DccIJSSwZDpAbeGWzFcLGztljvJzi8RacjzQY/xhQ0z5wnF4oWObYX0w6i+PwyndMHypBONKPKQ39zV3VLylkvTCIzEJ7kQPMLLqQwztDmf1NRIETuGLF1Y0LbAuxiGjsgoBSbwDZsmN0QjALkXLByllzkDWDysil0FBklwknFXyuJpjaBW7u0CE1hjnIqMNW/mItOaaYajnUmRhmNK5IxDk5IKvBGK6o5oYlG8nUMWOlhOCnlE5c58pUZyaDLIucNz70I/F4sfE3vaNQWLL3n1IQrmc18jldx3uCBVbgRTXRFhM7K8pUC7Ot1Dl3K1nhlTDtjFpGBmXYnW2UpllDFzlWA5XbFSCEQKTXWqgVTZYkIDYO4C4rZ28DFC6jqUjA5Acx5uZatdWWorF60AYFrt8DktCBsvYgfUqCLlbm2c/pXDQKm+2wdyLCpfVne1bPdeZXQbW7LkpvlmLlVd7gtPlANWMU6piPDqq9HJmXkKANrLdHq50+AwXcVD4u4pjsOdmXsYVdCA3vHMSMijZZKJmmKCFLmlnJWA5mNXUCFbmI6tUORrljCzylS9t7xKbApAlVNHZyjFqFFXO3awjlviCdlmFdx7bYDJTCSdF9jYjBI1gkJQq2BUHivXMUwwNMlRTiqikVVy2Sxx5cDEI82AqHo1ZSTobjg6DQHUBSNABTzm3HlFZPvYbA3oPsCiCvWtMMgIKsBYdmuxxk3d0LbxUNoAqugJh7YGoPxCBIGL7CgFlMsdemiyQRbqhTQrOdzn9K4aBUevTuhwQFI0AFPObc5qWmGQFQqRaaUbx4O6P3vUpWCXgojcDuNsPbNkxnA1ECrzKlE8nlBXwLgC7hO8eukKp0YWVSI7GCJLFQtkLcsV0xQcsLam5+Lxw77xqIIiWMUdoq+WuYRzhHuJRCbGU8JaCIlllXMMtGoFEV2lquZjuLKcRbo9XOnwH4BDD0d2qGj5K1FpvberrqV2NyhFlnqGCdmk1r+SgiJBQAaAo+cGAmxrL8oBARKRgAABoPgQ27x0IkHiWcp5VFIq53h7sXXMGVk+C2co0QSNX68V7FvEZY4HZkOmG6NCigBlAuVYqVoNHpaytsbM+OwePNwdWW1p06Srs2tL7dzXEc7K3pKhRlpTR0+SrQrrMontVeGcKf1dqyW3oobjMElyuKiEI2ZDaDgidCL5GcSbWjhMKI3Ecb1oS2RpET6BYbgqytqE1BUwKrUC9qW0nW0OAavRtG9OYriU5VYtIc+IuLaUQSBRstTcoKVnOIopoOcuC1x/XEarYWMzHC6Q/H/APXJ8080808080808080808080808080808080808080808080808080808080808080808080808080808080808080808080808080808080808080808080808080808080808083/ixz3VFAHKsDoBIUPIy0glGSsbJumNdQ2q0/wACqAFqxs4nX/cpCxi9X9yEAIIlifwkC7tdXvV1/M/Mz/t9Ppf8Af/gPcqr4EK+8VnNvDysVnNrDyMPeur4VK+/8Frn887wQVMC2bA8P5n5mf9vp9L/v/wADJcZ762C5x3+DJ1AZkdn8gfzH5FTS4nwkGrSCxim7kzsmp48v4DuqHUIHTGgFv3mnTGkNn2mbuh3j+C99wFiPDLkist8b/wBb/9k=', '50', 'Meat', NULL);
INSERT INTO `products` (`id`, `title`, `description`, `image_url`, `price`, `category`, `last_updated_at`) VALUES
(3, 'product 11', 'product 11', 'https://cdn.pixabay.com/photo/2018/01/14/23/12/nature-3082832__480.jpg', '1000', 'fruits', '2021-12-11'),
(4, 'product 13', 'product 13', 'https://cdn.pixabay.com/photo/2018/01/14/23/12/nature-3082832__480.jpg', '1000', 'fruits', '2021-11-11'),
(5, 'product 14', 'product 14', 'https://cdn.pixabay.com/photo/2018/01/14/23/12/nature-3082832__480.jpg', '1000', 'fruits', '2021-11-11');

-- --------------------------------------------------------

--
-- Table structure for table `shopping_cart`
--

CREATE TABLE `shopping_cart` (
  `id` int(11) NOT NULL,
  `product_id` int(11) NOT NULL,
  `quantity` int(11) NOT NULL,
  `user_id` int(11) NOT NULL,
  `last_updated_at` varchar(30) DEFAULT NULL
) ENGINE=InnoDB DEFAULT CHARSET=utf8mb4;

--
-- Dumping data for table `shopping_cart`
--

INSERT INTO `shopping_cart` (`id`, `product_id`, `quantity`, `user_id`, `last_updated_at`) VALUES
(7, 1, 2, 0, 'Thu Dec 23 14:46:53 GMT+05:00 '),
(8, 1, 1, 0, 'Thu Dec 23 14:48:48 GMT+05:00 '),
(9, 2, 2, 0, 'Thu Dec 23 14:49:05 GMT+05:00 '),
(10, 2, 2, 0, 'Thu Dec 23 14:49:07 GMT+05:00 ');

-- --------------------------------------------------------

--
-- Table structure for table `users`
--

CREATE TABLE `users` (
  `id` int(11) NOT NULL,
  `name` longtext NOT NULL,
  `email_address` varchar(100) NOT NULL,
  `password` longtext NOT NULL,
  `phone` longtext NOT NULL,
  `address` longtext NOT NULL,
  `is_allowed_in_app` tinyint(1) NOT NULL,
  `joined_at` varchar(30) DEFAULT NULL
) ENGINE=InnoDB DEFAULT CHARSET=utf8mb4;

--
-- Dumping data for table `users`
--

INSERT INTO `users` (`id`, `name`, `email_address`, `password`, `phone`, `address`, `is_allowed_in_app`, `joined_at`) VALUES
(1, 'ali', 'ali@gmail.com', '1111', '0333', 'pakistan', 1, '2021-12-06 06:25:29'),
(2, 'hamza', 'hamza@gmail.com', '1111', '03331111', 'pakistan', 1, '2021-12-11 08:13:59'),
(6, 'micheal', 'micheal@gmail.com', '1111', '0333001111', 'America', 1, '2021-11-11 19:14:31'),
(7, 'Adil', 'iamadilmalick@gmail.com', 'adil1234', '8656568', 'zhshhshs', 0, 'Mon Dec 20 10:19:47 GMT+05:00 '),
(8, 'huziafa', 'huzaifa@gmail.com', '123456789', '03345645181', 'abbottabad nawansher', 1, 'Tue Dec 21 16:00:22 GMT+05:00 '),
(9, 'yahya', 'yahyasafeer6@gmail.com', 'pakistan', '1111111', 'pakistan', 1, 'Thu Dec 23 11:03:16 GMT+05:00 '),
(10, 'yaka', 'yaka@gmail.com', 'pakistan', '03005443855', 'abbasian', 1, 'Thu Dec 23 12:07:16 GMT+05:00 '),
(11, 'yahya', 'yah@', 'pakistan', '0320', 'abbasian', 1, 'Thu Dec 23 12:44:19 GMT+05:00 '),
(12, 'yahya', 'yahya@gmail.com', 'pakistan', '03121212288', 'abbott', 1, 'Thu Dec 23 14:43:24 GMT+05:00 ');

--
-- Indexes for dumped tables
--

--
-- Indexes for table `admin`
--
ALTER TABLE `admin`
  ADD PRIMARY KEY (`id`);

--
-- Indexes for table `feedback`
--
ALTER TABLE `feedback`
  ADD PRIMARY KEY (`id`);

--
-- Indexes for table `order_items`
--
ALTER TABLE `order_items`
  ADD PRIMARY KEY (`id`);

--
-- Indexes for table `orders`
--
ALTER TABLE `orders`
  ADD PRIMARY KEY (`id`);

--
-- Indexes for table `products`
--
ALTER TABLE `products`
  ADD PRIMARY KEY (`id`);

--
-- Indexes for table `shopping_cart`
--
ALTER TABLE `shopping_cart`
  ADD PRIMARY KEY (`id`);

--
-- Indexes for table `users`
--
ALTER TABLE `users`
  ADD PRIMARY KEY (`id`),
  ADD UNIQUE KEY `email_address` (`email_address`);

--
-- AUTO_INCREMENT for dumped tables
--

--
-- AUTO_INCREMENT for table `admin`
--
ALTER TABLE `admin`
  MODIFY `id` int(11) NOT NULL AUTO_INCREMENT, AUTO_INCREMENT=3;
--
-- AUTO_INCREMENT for table `feedback`
--
ALTER TABLE `feedback`
  MODIFY `id` int(11) NOT NULL AUTO_INCREMENT, AUTO_INCREMENT=4;
--
-- AUTO_INCREMENT for table `order_items`
--
ALTER TABLE `order_items`
  MODIFY `id` int(11) NOT NULL AUTO_INCREMENT, AUTO_INCREMENT=34;
--
-- AUTO_INCREMENT for table `orders`
--
ALTER TABLE `orders`
  MODIFY `id` int(11) NOT NULL AUTO_INCREMENT, AUTO_INCREMENT=41;
--
-- AUTO_INCREMENT for table `products`
--
ALTER TABLE `products`
  MODIFY `id` int(11) NOT NULL AUTO_INCREMENT, AUTO_INCREMENT=6;
--
-- AUTO_INCREMENT for table `shopping_cart`
--
ALTER TABLE `shopping_cart`
  MODIFY `id` int(11) NOT NULL AUTO_INCREMENT, AUTO_INCREMENT=11;
--
-- AUTO_INCREMENT for table `users`
--
ALTER TABLE `users`
  MODIFY `id` int(11) NOT NULL AUTO_INCREMENT, AUTO_INCREMENT=13;COMMIT;

/*!40101 SET CHARACTER_SET_CLIENT=@OLD_CHARACTER_SET_CLIENT */;
/*!40101 SET CHARACTER_SET_RESULTS=@OLD_CHARACTER_SET_RESULTS */;
/*!40101 SET COLLATION_CONNECTION=@OLD_COLLATION_CONNECTION */;
